Path,Name,Changed,Changes
æ±ºæ¸ˆ/ã€æ±ºæ¸ˆã€‘01_54-æ±ºæ¸ˆ-Stripe-PayPalè‡ªå‹•æ¶ˆè¾¼_V5.json,ã€æ±ºæ¸ˆã€‘01_54-æ±ºæ¸ˆ-Stripe-PayPalè‡ªå‹•æ¶ˆè¾¼_V5,True,Inserted CORE-Dispatcher after Webhook: payment; String replace: orders â†’ n3_orders
ãã®ä»–/ã€ãã®ä»–ã€‘14_55-B2B-ãƒªãƒ¼ãƒ‰ã‚¸ã‚§ãƒãƒ¬ãƒ¼ã‚·ãƒ§ãƒ³-è²¿æ˜“æ›¸é¡_V5.json,ã€ãã®ä»–ã€‘14_55-B2B-ãƒªãƒ¼ãƒ‰ã‚¸ã‚§ãƒãƒ¬ãƒ¼ã‚·ãƒ§ãƒ³-è²¿æ˜“æ›¸é¡_V5,True,Inserted CORE-Dispatcher after Webhook: b2b-lead
ãã®ä»–/ã€ãã®ä»–ã€‘10_202-é€£çµ-ã‚·ãƒ§ãƒ¼ãƒˆãƒŸãƒ‰ãƒ«ãƒ­ãƒ³ã‚°è‡ªå‹•ç·é›†ç·¨_V5.json,ã€ãã®ä»–ã€‘10_202-é€£çµ-ã‚·ãƒ§ãƒ¼ãƒˆãƒŸãƒ‰ãƒ«ãƒ­ãƒ³ã‚°è‡ªå‹•ç·é›†ç·¨_V5,True,Inserted CORE-Dispatcher after Webhook: video-concatenate
ãã®ä»–/ã€ãã®ä»–ã€‘13_34-eBay-RevisePrice_V5.json,ã€ãã®ä»–ã€‘13_34-eBay-RevisePrice_V5,True,Inserted CORE-Dispatcher after Webhook: ebay-revise-price; SQL: 1 tables transformed; String replace: marketplace_accounts â†’ n3_marketplace_accounts; SQL: 1 tables transformed; String replace: ebay_tokens â†’ n3_ebay_tokens; SQL: 1 tables transformed; String replace: marketplace_listings â†’ n3_marketplace_listings; SQL: 1 tables transformed; String replace: marketplace_listings â†’ n3_marketplace_listings
ãã®ä»–/ã€ãã®ä»–ã€‘07_161-ä»£è¡Œ-è‡ªå‹•ãƒ—ãƒ­ãƒ‡ãƒ¥ãƒ¼ã‚¹-BGM-ãƒ†ãƒ­ãƒƒãƒ—-æ¼”å‡ºæ³¨å…¥_V5.json,ã€ãã®ä»–ã€‘07_161-ä»£è¡Œ-è‡ªå‹•ãƒ—ãƒ­ãƒ‡ãƒ¥ãƒ¼ã‚¹-BGM-ãƒ†ãƒ­ãƒƒãƒ—-æ¼”å‡ºæ³¨å…¥_V5,True,Inserted CORE-Dispatcher after Webhook: auto-produce
ãã®ä»–/ã€ãã®ä»–ã€‘12_33-eBay-ReviseQuantity_V5.json,ã€ãã®ä»–ã€‘12_33-eBay-ReviseQuantity_V5,True,Inserted CORE-Dispatcher after Webhook: ebay-revise-quantity; SQL: 1 tables transformed; String replace: marketplace_accounts â†’ n3_marketplace_accounts; SQL: 1 tables transformed; String replace: ebay_tokens â†’ n3_ebay_tokens; SQL: 1 tables transformed; String replace: marketplace_listings â†’ n3_marketplace_listings; SQL: 1 tables transformed; String replace: marketplace_listings â†’ n3_marketplace_listings
ãã®ä»–/ã€ãã®ä»–ã€‘05_132-ã‚¢ã‚»ãƒƒãƒˆ-VoiceIdentity-ãƒ”ãƒƒãƒå¤‰å‹•åˆ¥äººåŒ–_V5.json,ã€ãã®ä»–ã€‘05_132-ã‚¢ã‚»ãƒƒãƒˆ-VoiceIdentity-ãƒ”ãƒƒãƒå¤‰å‹•åˆ¥äººåŒ–_V5,True,Inserted CORE-Dispatcher after Webhook: voice-identity-variation
ãã®ä»–/ã€ãã®ä»–ã€‘04_131-ã‚¢ã‚»ãƒƒãƒˆ-SunoAI-BGMãƒãƒ«ã‚¯ç”Ÿæˆ-ã‚¸ãƒ£ãƒ³ãƒ«åˆ¥100æ›²_V5.json,ã€ãã®ä»–ã€‘04_131-ã‚¢ã‚»ãƒƒãƒˆ-SunoAI-BGMãƒãƒ«ã‚¯ç”Ÿæˆ-ã‚¸ãƒ£ãƒ³ãƒ«åˆ¥100æ›²_V5,True,Inserted CORE-Dispatcher after Webhook: suno-bgm-generate
ãã®ä»–/ã€ãã®ä»–ã€‘03_130-ã‚¢ã‚»ãƒƒãƒˆ-Midjourneyãƒãƒ«ã‚¯ç”Ÿæˆ-è¡¨æƒ…100ãƒ‘ã‚¿ãƒ¼ãƒ³_V5.json,ã€ãã®ä»–ã€‘03_130-ã‚¢ã‚»ãƒƒãƒˆ-Midjourneyãƒãƒ«ã‚¯ç”Ÿæˆ-è¡¨æƒ…100ãƒ‘ã‚¿ãƒ¼ãƒ³_V5,True,Inserted CORE-Dispatcher after Webhook: mj-bulk-generate
ãã®ä»–/ã€ãã®ä»–ã€‘01_121-ã‚¬ãƒãƒŠãƒ³ã‚¹-æ¦‚è¦æ¬„ä¸€æ‹¬æ›´æ–°-GlobalKillSwitch_V5.json,ã€ãã®ä»–ã€‘01_121-ã‚¬ãƒãƒŠãƒ³ã‚¹-æ¦‚è¦æ¬„ä¸€æ‹¬æ›´æ–°-GlobalKillSwitch_V5,True,Inserted CORE-Dispatcher after Webhook: description-bulk-update
ãã®ä»–/ã€ãã®ä»–ã€‘11_203-ç›£ä¿®è€…-1æ¬¡æƒ…å ±ã‚¤ãƒ³ã‚µã‚¤ãƒˆæ³¨å…¥-ãƒãƒ£ãƒƒãƒˆé€£æº_V5.json,ã€ãã®ä»–ã€‘11_203-ç›£ä¿®è€…-1æ¬¡æƒ…å ±ã‚¤ãƒ³ã‚µã‚¤ãƒˆæ³¨å…¥-ãƒãƒ£ãƒƒãƒˆé€£æº_V5,True,Inserted CORE-Dispatcher after Webhook: insight-inject
ãã®ä»–/ã€ãã®ä»–ã€‘09_201-æˆé•·-30æ—¥è©•ä¾¡-è¨€èªè§£ç¦-è‡ªå‹•æ ¼ä¸‹ã’_V5.json,ã€ãã®ä»–ã€‘09_201-æˆé•·-30æ—¥è©•ä¾¡-è¨€èªè§£ç¦-è‡ªå‹•æ ¼ä¸‹ã’_V5,True,Inserted CORE-Dispatcher after Webhook: growth-evaluation
ãã®ä»–/ã€ãã®ä»–ã€‘02_122-ã‚¬ãƒãƒŠãƒ³ã‚¹-LocalLLMãƒ«ãƒ¼ãƒ†ã‚£ãƒ³ã‚°-Ollama-DeepSeek_V5.json,ã€ãã®ä»–ã€‘02_122-ã‚¬ãƒãƒŠãƒ³ã‚¹-LocalLLMãƒ«ãƒ¼ãƒ†ã‚£ãƒ³ã‚°-Ollama-DeepSeek_V5,True,Inserted CORE-Dispatcher after Webhook: llm-route
ãã®ä»–/ã€ãã®ä»–ã€‘08_180-ç›£ä¿®UI-ã‚¨ãƒƒã‚»ãƒ³ã‚¹æ³¨å…¥-å³¶ä¸»ä¸€è¨€åˆæˆ_V5.json,ã€ãã®ä»–ã€‘08_180-ç›£ä¿®UI-ã‚¨ãƒƒã‚»ãƒ³ã‚¹æ³¨å…¥-å³¶ä¸»ä¸€è¨€åˆæˆ_V5,True,Inserted CORE-Dispatcher after Webhook: essence-inject
ãã®ä»–/ã€ãã®ä»–ã€‘06_160-ä»£è¡Œ-ç´ æå—å–-AIè§£æ_V5.json,ã€ãã®ä»–ã€‘06_160-ä»£è¡Œ-ç´ æå—å–-AIè§£æ_V5,True,Inserted CORE-Dispatcher after Webhook: partner-upload
å…±é€šãƒ¢ã‚¸ãƒ¥ãƒ¼ãƒ«/00_V8.2.1_GOLDEN_TEMPLATE_FINAL.json,ã€V8.2.1çœŸãƒ»æœ€çµ‚ç‰ˆã€‘GOLDEN_TEMPLATE_å®Œå…¨ä½“,True,Inserted CORE-Dispatcher after ğŸšª Entry
å…±é€šãƒ¢ã‚¸ãƒ¥ãƒ¼ãƒ«/00_V8.2.1_GOLDEN_TEMPLATE.json,ã€V8.2.1é‡‘å‹ã€‘GOLDEN_TEMPLATE_æœ€çµ‚ä¸æ²ˆè‰¦,True,Inserted CORE-Dispatcher after ğŸšª Entry
å…±é€šãƒ¢ã‚¸ãƒ¥ãƒ¼ãƒ«/ã€å…±é€šã€‘V8-AI-DECISION-TRACER.json,ã€å…±é€šã€‘V8-AI-DECISION-TRACER,False,
å…±é€šãƒ¢ã‚¸ãƒ¥ãƒ¼ãƒ«/embedded_logic.json,ã€å…±é€šã€‘embedded_logic - å¸å›½OSå…±é€šãƒ­ã‚¸ãƒƒã‚¯é›†,True,Inserted CORE-Dispatcher after Webhook: embedded-logic
å…±é€šãƒ¢ã‚¸ãƒ¥ãƒ¼ãƒ«/N3-SUB-DECISION-TRACE.json,N3-SUB-DECISION-TRACE,True,Inserted CORE-Dispatcher after Webhook; String replace: audit_logs â†’ n3_audit_logs; String replace: ai_decision_traces â†’ n3_ai_decision_traces
å…±é€šãƒ¢ã‚¸ãƒ¥ãƒ¼ãƒ«/ã€å…±é€šã€‘V8-BURN-LIMIT-CHECKER.json,ã€å…±é€šã€‘V8-BURN-LIMIT-CHECKER,True,SQL: 1 tables transformed; String replace: audit_logs â†’ n3_audit_logs
å…±é€šãƒ¢ã‚¸ãƒ¥ãƒ¼ãƒ«/ã€å…±é€šã€‘V8-AUTH-GATE-VALIDATOR.json,ã€å…±é€šã€‘V8-AUTH-GATE-VALIDATOR,True,SQL: 1 tables transformed; String replace: audit_logs â†’ n3_audit_logs
åŒæœŸ/ã€åŒæœŸã€‘01_SYNC-07-æ£šå¸ã—-ã‚¹ãƒ—ãƒ¬ãƒƒãƒ‰ã‚·ãƒ¼ãƒˆåŒæœŸ_V5.json,ã€åŒæœŸã€‘01_SYNC-07-æ£šå¸ã—-ã‚¹ãƒ—ãƒ¬ãƒƒãƒ‰ã‚·ãƒ¼ãƒˆåŒæœŸ_V5,True,Inserted CORE-Dispatcher after Webhook: stocktake-sync; SQL: 1 tables transformed; String replace: inventory_master â†’ n3_inventory_master; SQL: 1 tables transformed; String replace: inventory_master â†’ n3_inventory_master; SQL: 1 tables transformed; String replace: inventory_master â†’ n3_inventory_master
åŒæœŸ/ã€åŒæœŸã€‘02_å°‚ç”¨-å¿ƒè‡“éƒ¨-ç‚ºæ›¿è¨­å®šè‡ªå‹•åŒæœŸ_V5.json,ã€åŒæœŸã€‘02_å°‚ç”¨-å¿ƒè‡“éƒ¨-ç‚ºæ›¿è¨­å®šè‡ªå‹•åŒæœŸ_V5,True,SQL: 1 tables transformed; String replace: products_master â†’ n3_products_master
å¸å›½/ã€å¸å›½ã€‘03_151-å¸å›½-ãƒãƒãƒ¼ã‚¸ãƒ£ãƒ¼ç›£æŸ»ãƒ‘ãƒãƒ«API_V5.json,ã€å¸å›½ã€‘03_151-å¸å›½-ãƒãƒãƒ¼ã‚¸ãƒ£ãƒ¼ç›£æŸ»ãƒ‘ãƒãƒ«API_V5,True,Inserted CORE-Dispatcher after Webhook: ç›£æŸ»æå‡º; Inserted CORE-Dispatcher after Webhook: ç›£æŸ»ã‚­ãƒ¥ãƒ¼å–å¾—; Inserted CORE-Dispatcher after Webhook: ãƒãƒãƒ¼ã‚¸ãƒ£ãƒ¼çµ±è¨ˆ; String replace: audit_logs â†’ n3_audit_logs
å¸å›½/ã€å¸å›½ã€‘01_08-ç›£æŸ»-å•†å“ãƒ‡ãƒ¼ã‚¿å®Œå…¨æ€§ãƒã‚§ãƒƒã‚¯_V5.json,ã€å¸å›½ã€‘01_08-ç›£æŸ»-å•†å“ãƒ‡ãƒ¼ã‚¿å®Œå…¨æ€§ãƒã‚§ãƒƒã‚¯_V5,True,Inserted CORE-Dispatcher after Webhook: audit-check; SQL: 2 tables transformed; String replace: products_master â†’ n3_products_master; String replace: inventory_master â†’ n3_inventory_master; SQL: 1 tables transformed; String replace: products_master â†’ n3_products_master
å¸å›½/ã€å¸å›½ã€‘02_150-å¸å›½-åç›Šè‡ªå‹•è¨ˆç®—-å ±é…¬åˆ†é…_V5.json,ã€å¸å›½ã€‘02_150-å¸å›½-åç›Šè‡ªå‹•è¨ˆç®—-å ±é…¬åˆ†é…_V5,True,Inserted CORE-Dispatcher after Webhook: empire-payout-calculate; String replace: audit_logs â†’ n3_audit_logs
å¸å›½/ã€å¸å›½ã€‘05_153-å¸å›½-è¦–è¦šæŒ‡ç´‹ç ´å£Š-Entropy-Engine_V5.json,ã€å¸å›½ã€‘05_153-å¸å›½-è¦–è¦šæŒ‡ç´‹ç ´å£Š-Entropy-Engine_V5,True,Inserted CORE-Dispatcher after Webhook: entropy-video
å¸å›½/ã€å¸å›½ã€‘04_152-å¸å›½-Airwallexè‡ªå‹•é€é‡‘_V5.json,ã€å¸å›½ã€‘04_152-å¸å›½-Airwallexè‡ªå‹•é€é‡‘_V5,True,Inserted CORE-Dispatcher after Webhook: empire-payout-execute
å¸å›½/ã€å¸å›½ã€‘06_162-ä»£è¡Œ-åç›Šåˆ†é…-ãƒ¬ãƒ™ãƒ‹ãƒ¥ãƒ¼ã‚·ã‚§ã‚¢è¨ˆç®—_V5.json,ã€å¸å›½ã€‘06_162-ä»£è¡Œ-åç›Šåˆ†é…-ãƒ¬ãƒ™ãƒ‹ãƒ¥ãƒ¼ã‚·ã‚§ã‚¢è¨ˆç®—_V5,True,Inserted CORE-Dispatcher after Webhook: revenue-calculate
å¤–æ³¨/ã€å¤–æ³¨ã€‘01_62-å¤–æ³¨-è‡ªå‹•é€é‡‘-Stripe-PayPal_V5.json,ã€å¤–æ³¨ã€‘01_62-å¤–æ³¨-è‡ªå‹•é€é‡‘-Stripe-PayPal_V5,True,Inserted CORE-Dispatcher after Webhook: outsource-payout
å¤–æ³¨/04_V8.2_HR_Management_Complete.json,ã€V8.2ã€‘HR Management - å¤–æ³¨çµ±æ²»ãƒ»RBACãƒ»å ±é…¬è¨ˆç®—ã‚¨ãƒ³ã‚¸ãƒ³,True,Inserted CORE-Dispatcher after ğŸšª Webhook Entry; SQL: 1 tables transformed; String replace: audit_logs â†’ n3_audit_logs
å¤–æ³¨/ã€å¤–æ³¨ã€‘02_63-å¤–æ³¨-QRã‚³ãƒ¼ãƒ‰ä½œæ¥­å®Œäº†API_V5.json,ã€å¤–æ³¨ã€‘02_63-å¤–æ³¨-QRã‚³ãƒ¼ãƒ‰ä½œæ¥­å®Œäº†API_V5,True,Inserted CORE-Dispatcher after Webhook: worker-qr; SQL: 1 tables transformed; String replace: products_master â†’ n3_products_master
ç”»åƒ/ã€ç”»åƒã€‘03_å°‚ç”¨-é˜²è¡›-VEROãƒ–ãƒ©ãƒ³ãƒ‰ç”»åƒãƒãƒƒã‚·ãƒ¥é˜²è¡›_V5.json,ã€ç”»åƒã€‘03_å°‚ç”¨-é˜²è¡›-VEROãƒ–ãƒ©ãƒ³ãƒ‰ç”»åƒãƒãƒƒã‚·ãƒ¥é˜²è¡›_V5,True,Inserted CORE-Dispatcher after Webhook: å‡ºå“å‰ãƒã‚§ãƒƒã‚¯ä¾é ¼
ç”»åƒ/ã€ç”»åƒã€‘01_15-ç”»åƒå‡¦ç†-ç”»åƒæŒ‡ç´‹æ´—æµ„_V5.json,ã€ç”»åƒã€‘01_15-ç”»åƒå‡¦ç†-ç”»åƒæŒ‡ç´‹æ´—æµ„_V5,True,Inserted CORE-Dispatcher after Webhook: ç”»åƒæ´—æµ„ä¾é ¼; SQL: 1 tables transformed; String replace: products_master â†’ n3_products_master; SQL: 1 tables transformed; String replace: products_master â†’ n3_products_master
ç”»åƒ/ã€ç”»åƒã€‘02_53-HTML-Renderer-ç”»åƒåŒ–ãƒã‚¤ã‚¯ãƒ­ã‚µãƒ¼ãƒ“ã‚¹_V5.json,ã€ç”»åƒã€‘02_53-HTML-Renderer-ç”»åƒåŒ–ãƒã‚¤ã‚¯ãƒ­ã‚µãƒ¼ãƒ“ã‚¹_V5,True,Inserted CORE-Dispatcher after Webhook: html-render
çµŒç†/ã€çµŒç†ã€‘03_65-çµŒç†-è¨¼æ†‘è‡ªå‹•åé›†-ç´ä»˜ã‘ãƒãƒ–_V5.json,ã€çµŒç†ã€‘03_65-çµŒç†-è¨¼æ†‘è‡ªå‹•åé›†-ç´ä»˜ã‘ãƒãƒ–_V5,True,Inserted CORE-Dispatcher after Webhook: receipt-collect
çµŒç†/ã€çµŒç†ã€‘02_58-æ³•å‹™-å¤ç‰©å°å¸³è‡ªå‹•ç”Ÿæˆ_V5.json,ã€çµŒç†ã€‘02_58-æ³•å‹™-å¤ç‰©å°å¸³è‡ªå‹•ç”Ÿæˆ_V5,True,Inserted CORE-Dispatcher after Webhook: kobutsu-ledger; SQL: 2 tables transformed; String replace: products_master â†’ n3_products_master; String replace: inventory_master â†’ n3_inventory_master
çµŒç†/ã€çµŒç†ã€‘01_56-ä¼šè¨ˆ-MoneyForward-Freeeè‡ªå‹•ä»•è¨³_V5.json,ã€çµŒç†ã€‘01_56-ä¼šè¨ˆ-MoneyForward-Freeeè‡ªå‹•ä»•è¨³_V5,True,Inserted CORE-Dispatcher after Webhook: accounting-sync
çµŒç†/ã€çµŒç†ã€‘04_66-çµŒç†-éŠ€è¡Œæ˜ç´°è‡ªå‹•åé›†-ä¿å­˜ã‚¨ãƒ³ã‚¸ãƒ³_V5.json,ã€çµŒç†ã€‘04_66-çµŒç†-éŠ€è¡Œæ˜ç´°è‡ªå‹•åé›†-ä¿å­˜ã‚¨ãƒ³ã‚¸ãƒ³_V5,True,Inserted CORE-Dispatcher after Webhook: bank-statement
çµŒç†/02_V8.2_Evidence_Orchestrator.json,ã€V8.2ã€‘Evidence Orchestrator - è¨¼è·¡è‡ªå‹•é›†ç´„ã‚¨ãƒ³ã‚¸ãƒ³,True,Inserted CORE-Dispatcher after ğŸšª Webhook Entry; SQL: 1 tables transformed; String replace: audit_logs â†’ n3_audit_logs
çµŒç†/03_V8.2_Revenue_Recognition_Engine.json,ã€V8.2ã€‘Revenue Recognition Engine - ç™ºç”Ÿä¸»ç¾©ä»•è¨³ã‚¨ãƒ³ã‚¸ãƒ³,True,Inserted CORE-Dispatcher after ğŸšª Webhook Entry; SQL: 1 tables transformed; String replace: audit_logs â†’ n3_audit_logs
ã‚¨ãƒ©ãƒ¼/N3_V8.2.1_AUTONOMOUS_SELF_HEALING.json,ã€V8.2.1-AUTONOMOUSã€‘å†å¸°çš„ãƒ‡ãƒ¼ã‚¿è£œå®Œãƒ»Self-Healing,True,Inserted CORE-Dispatcher after Webhook: Self-Healing; SQL: 2 tables transformed; String replace: products_master â†’ n3_products_master; String replace: inventory_master â†’ n3_inventory_master; SQL: 1 tables transformed; String replace: products_master â†’ n3_products_master
ã‚·ã‚¹ãƒ†ãƒ /ã€ã‚·ã‚¹ãƒ†ãƒ ã€‘01_15-åˆ†æ-çµ±åˆã‚¿ã‚™ãƒƒã‚·ãƒ¥ãƒ›ã‚™ãƒ¼ãƒˆã‚™ã‚¹ãƒŠãƒƒãƒ•ã‚šã‚·ãƒ§ãƒƒãƒˆ_V7.json,ã€ã‚·ã‚¹ãƒ†ãƒ ã€‘01_15-åˆ†æ-çµ±åˆãƒ€ãƒƒã‚·ãƒ¥ãƒœãƒ¼ãƒ‰ã‚¹ãƒŠãƒƒãƒ—ã‚·ãƒ§ãƒƒãƒˆ_V7,True,Inserted CORE-Dispatcher after Webhook: dashboard-snapshot; String replace: orders â†’ n3_orders; SQL: 1 tables transformed; String replace: inventory_master â†’ n3_inventory_master; SQL: 1 tables transformed; String replace: products_master â†’ n3_products_master; String replace: orders â†’ n3_orders; String replace: orders â†’ n3_orders
ã‚·ã‚¹ãƒ†ãƒ /ã€ã‚·ã‚¹ãƒ†ãƒ ã€‘04_61-åˆ†æ-ã‚¿ã‚™ãƒƒã‚·ãƒ¥ãƒ›ã‚™ãƒ¼ãƒˆã‚™é›†è¨ˆAPI_V7.json,ã€ã‚·ã‚¹ãƒ†ãƒ ã€‘04_61-åˆ†æ-ãƒ€ãƒƒã‚·ãƒ¥ãƒœãƒ¼ãƒ‰é›†è¨ˆAPI_V7,True,Inserted CORE-Dispatcher after Webhook: dashboard-metrics; String replace: orders â†’ n3_orders; String replace: orders â†’ n3_orders; SQL: 2 tables transformed; String replace: products_master â†’ n3_products_master; String replace: inventory_master â†’ n3_inventory_master
ã‚·ã‚¹ãƒ†ãƒ /ã€ã‚·ã‚¹ãƒ†ãƒ ã€‘03_21-ã‚·ã‚¹ãƒ†ãƒ -è‡ªå‹•ãƒã‚™ãƒƒã‚¯ã‚¢ãƒƒãƒ•ã‚š_V7.json,ã€ã‚·ã‚¹ãƒ†ãƒ ã€‘03_21-ã‚·ã‚¹ãƒ†ãƒ -è‡ªå‹•ãƒãƒƒã‚¯ã‚¢ãƒƒãƒ—_V7,True,Inserted CORE-Dispatcher after Webhook: backup-trigger; String replace: products_master â†’ n3_products_master; String replace: inventory_master â†’ n3_inventory_master; String replace: orders â†’ n3_orders; SQL: 1 tables transformed; String replace: products_master â†’ n3_products_master; String replace: orders â†’ n3_orders; String replace: orders â†’ n3_orders; String replace: orders â†’ n3_orders
ã‚·ã‚¹ãƒ†ãƒ /ã€ã‚·ã‚¹ãƒ†ãƒ ã€‘02_17-ã‚·ã‚¹ãƒ†ãƒ -çµ±åˆWebhookã‚±ã‚™ãƒ¼ãƒˆã‚¦ã‚§ã‚¤_V7.json,ã€ã‚·ã‚¹ãƒ†ãƒ ã€‘02_17-ã‚·ã‚¹ãƒ†ãƒ -çµ±åˆWebhookã‚²ãƒ¼ãƒˆã‚¦ã‚§ã‚¤_V7,True,Inserted CORE-Dispatcher after Webhook: global-router
å‡ºå“/ã€å‡ºå“ã€‘04_22-å‡ºå“-å¤šè²©è·¯å¤šå›½ç±å‡ºå“ã‚²ãƒ¼ãƒˆã‚¦ã‚§ã‚¤_V7.json,ã€å‡ºå“ã€‘04_22-å‡ºå“-å¤šè²©è·¯å¤šå›½ç±å‡ºå“ã‚²ãƒ¼ãƒˆã‚¦ã‚§ã‚¤_V7,True,Inserted CORE-Dispatcher after Webhook: listing-gateway; SQL: 1 tables transformed; String replace: ai_decision_traces â†’ n3_ai_decision_traces
å‡ºå“/ã€å‡ºå“ã€‘12_48-æ–°èˆˆå›½-å¤šå›½ç±å‡ºå“ã‚²ãƒ¼ãƒˆã‚¦ã‚§ã‚¤_V5.json,ã€å‡ºå“ã€‘12_48-æ–°èˆˆå›½-å¤šå›½ç±å‡ºå“ã‚²ãƒ¼ãƒˆã‚¦ã‚§ã‚¤_V5,True,Inserted CORE-Dispatcher after Webhook: emerging-market; SQL: 2 tables transformed; String replace: products_master â†’ n3_products_master; String replace: inventory_master â†’ n3_inventory_master
å‡ºå“/ã€å‡ºå“ã€‘08_30-Qoo10å‡ºå“-qoo10-listing_V5.json,ã€å‡ºå“ã€‘08_30-Qoo10å‡ºå“-qoo10-listing_V5,True,Inserted CORE-Dispatcher after Webhook: qoo10-listing; SQL: 1 tables transformed; String replace: marketplace_accounts â†’ n3_marketplace_accounts; SQL: 2 tables transformed; String replace: products_master â†’ n3_products_master; String replace: inventory_master â†’ n3_inventory_master; SQL: 1 tables transformed; String replace: marketplace_listings â†’ n3_marketplace_listings
å‡ºå“/ã€å‡ºå“ã€‘15_ãƒ­ãƒ¼ã‚«ãƒ«-eBayå‡ºå“å‡¦ç†-å®Œæˆç‰ˆv5_V5.json,ã€å‡ºå“ã€‘15_ãƒ­ãƒ¼ã‚«ãƒ«-eBayå‡ºå“å‡¦ç†-å®Œæˆç‰ˆv5_V5,True,Inserted CORE-Dispatcher after å‡ºå“ãƒªã‚¯ã‚¨ã‚¹ãƒˆå—ä¿¡
å‡ºå“/ã€å‡ºå“ã€‘05_25-ä¸­å›½-è¶Šå¢ƒECå‡ºå“ã‚²ãƒ¼ãƒˆã‚¦ã‚§ã‚¤_V7.json,ã€å‡ºå“ã€‘05_25-ä¸­å›½-è¶Šå¢ƒECå‡ºå“ã‚²ãƒ¼ãƒˆã‚¦ã‚§ã‚¤_V7,True,Inserted CORE-Dispatcher after Webhook: china-listing; SQL: 1 tables transformed; String replace: ai_decision_traces â†’ n3_ai_decision_traces; SQL: 2 tables transformed; String replace: products_master â†’ n3_products_master; String replace: inventory_master â†’ n3_inventory_master
å‡ºå“/N3_V8.2.1_AUTONOMOUS_LISTING_HUB.json,ã€V8.2.1-AUTONOMOUSã€‘å‡ºå“ãƒãƒ–ãƒ»çµ±åˆãƒ‡ã‚£ã‚¹ãƒ‘ãƒƒãƒãƒ£ãƒ¼,True,Inserted CORE-Dispatcher after Webhook: V8.2.1å‡ºå“ãƒãƒ–; SQL: 2 tables transformed; String replace: products_master â†’ n3_products_master; String replace: inventory_master â†’ n3_inventory_master; String replace: ai_decision_traces â†’ n3_ai_decision_traces
å‡ºå“/ã€å‡ºå“ã€‘02_06b-eBayå‡ºå“-è‡ªå·±ä¿®å¾©ã‚¨ãƒ¼ã‚·ã‚™ã‚§ãƒ³ãƒˆ_V7.json,ã€å‡ºå“ã€‘02_06b-eBayå‡ºå“-è‡ªå·±ä¿®å¾©ã‚¨ãƒ¼ã‚¸ã‚§ãƒ³ãƒˆ_V7,True,Inserted CORE-Dispatcher after Webhook: Self-Healing Agent; SQL: 1 tables transformed; String replace: products_master â†’ n3_products_master; SQL: 1 tables transformed; String replace: ai_decision_traces â†’ n3_ai_decision_traces; SQL: 1 tables transformed; String replace: products_master â†’ n3_products_master
å‡ºå“/ã€å‡ºå“ã€‘17_å°‚ç”¨-è©³ç´°å–å¾—-å‡ºå“ç”¨è©³ç´°ãƒ‡ãƒ¼ã‚¿å–å¾—_V5.json,ã€å‡ºå“ã€‘17_å°‚ç”¨-è©³ç´°å–å¾—-å‡ºå“ç”¨è©³ç´°ãƒ‡ãƒ¼ã‚¿å–å¾—_V5,True,Inserted CORE-Dispatcher after Webhook: å‡ºå“æº–å‚™é–‹å§‹; SQL: 1 tables transformed; String replace: products_master â†’ n3_products_master
å‡ºå“/ã€å‡ºå“ã€‘10_44-Amazonå‡ºå“-amazon-listing_V5.json,ã€å‡ºå“ã€‘10_44-Amazonå‡ºå“-amazon-listing_V5,True,Inserted CORE-Dispatcher after Webhook: amazon-listing; SQL: 2 tables transformed; String replace: products_master â†’ n3_products_master; String replace: inventory_master â†’ n3_inventory_master; SQL: 1 tables transformed; String replace: inventory_master â†’ n3_inventory_master
å‡ºå“/ã€å‡ºå“ã€‘11_47-éŸ“å›½-Coupangå‡ºå“ã‚²ãƒ¼ãƒˆã‚¦ã‚§ã‚¤_V5.json,ã€å‡ºå“ã€‘11_47-éŸ“å›½-Coupangå‡ºå“ã‚²ãƒ¼ãƒˆã‚¦ã‚§ã‚¤_V5,True,Inserted CORE-Dispatcher after Webhook: coupang-listing; SQL: 2 tables transformed; String replace: products_master â†’ n3_products_master; String replace: inventory_master â†’ n3_inventory_master; SQL: 1 tables transformed; String replace: products_master â†’ n3_products_master
å‡ºå“/ã€å‡ºå“ã€‘07_29-eBayå‡ºå“-ebay-listing_V7.json,ã€å‡ºå“ã€‘07_29-eBayå‡ºå“-ebay-listing_V7,True,Inserted CORE-Dispatcher after Webhook: ebay-listing; SQL: 1 tables transformed; String replace: ebay_tokens â†’ n3_ebay_tokens; SQL: 2 tables transformed; String replace: products_master â†’ n3_products_master; String replace: inventory_master â†’ n3_inventory_master; SQL: 1 tables transformed; String replace: ai_decision_traces â†’ n3_ai_decision_traces; SQL: 1 tables transformed; String replace: listing_logs â†’ n3_listing_logs
å‡ºå“/ã€å‡ºå“ã€‘16_å°‚ç”¨-å¤šè²©è·¯-å‡ºå“ãƒãƒ–ãƒ‡ã‚£ã‚¹ãƒ‘ãƒƒãƒãƒ£ãƒ¼_V5.json,ã€å‡ºå“ã€‘16_å°‚ç”¨-å¤šè²©è·¯-å‡ºå“ãƒãƒ–ãƒ‡ã‚£ã‚¹ãƒ‘ãƒƒãƒãƒ£ãƒ¼_V5,True,Inserted CORE-Dispatcher after Webhook: å‡ºå“ä¾é ¼; SQL: 1 tables transformed; String replace: products_master â†’ n3_products_master
å‡ºå“/ã€å‡ºå“ã€‘14_64-AEO-Shopifyæ§‹é€ åŒ–ãƒ‡ãƒ¼ã‚¿æ‹¡å¼µ_V5.json,ã€å‡ºå“ã€‘14_64-AEO-Shopifyæ§‹é€ åŒ–ãƒ‡ãƒ¼ã‚¿æ‹¡å¼µ_V5,True,Inserted CORE-Dispatcher after Webhook: shopify-aeo; SQL: 2 tables transformed; String replace: products_master â†’ n3_products_master; String replace: inventory_master â†’ n3_inventory_master
å‡ºå“/ã€å‡ºå“ã€‘01_ãƒ­ãƒ¼ã‚«ãƒ«-eBayå‡ºå“å‡¦ç†-å®Œæˆç‰ˆv6ä¿®æ­£_V7.json,ã€å‡ºå“ã€‘01_ãƒ­ãƒ¼ã‚«ãƒ«-eBayå‡ºå“å‡¦ç†-å®Œæˆç‰ˆv7_V7,True,Inserted CORE-Dispatcher after å‡ºå“ãƒªã‚¯ã‚¨ã‚¹ãƒˆå—ä¿¡; SQL: 1 tables transformed; String replace: ai_decision_traces â†’ n3_ai_decision_traces; SQL: 1 tables transformed; String replace: ai_decision_traces â†’ n3_ai_decision_traces; SQL: 1 tables transformed; String replace: listing_logs â†’ n3_listing_logs
å‡ºå“/ã€å‡ºå“ã€‘06_26-å‡ºå“å®Ÿè¡Œ-listing-execute_V7.json,ã€å‡ºå“ã€‘06_26-å‡ºå“å®Ÿè¡Œ-listing-execute_V7,True,Inserted CORE-Dispatcher after Webhook: listing-execute; SQL: 2 tables transformed; String replace: products_master â†’ n3_products_master; String replace: inventory_master â†’ n3_inventory_master; SQL: 1 tables transformed; String replace: ai_decision_traces â†’ n3_ai_decision_traces
å‡ºå“/ã€å‡ºå“ã€‘03_171-ã‚³ãƒãƒ¼ã‚¹-LPè‡ªå‹•ç”Ÿæˆ-Shopify-eBayå‡ºå“_V7.json,ã€å‡ºå“ã€‘03_171-ã‚³ãƒãƒ¼ã‚¹-LPè‡ªå‹•ç”Ÿæˆ-Shopify-eBayå‡ºå“_V7,True,Inserted CORE-Dispatcher after Webhook: LPè‡ªå‹•ç”Ÿæˆ; SQL: 1 tables transformed; String replace: ai_decision_traces â†’ n3_ai_decision_traces
å‡ºå“/ã€å‡ºå“ã€‘13_51-ãƒ¡ãƒ‡ã‚£ã‚¢-Shopifyè‡ªå‹•é›†å®¢ã‚¨ãƒ³ã‚¸ãƒ³_V5.json,ã€å‡ºå“ã€‘13_51-ãƒ¡ãƒ‡ã‚£ã‚¢-Shopifyè‡ªå‹•é›†å®¢ã‚¨ãƒ³ã‚¸ãƒ³_V5,True,Inserted CORE-Dispatcher after Webhook: media-generate; SQL: 1 tables transformed; String replace: products_master â†’ n3_products_master; SQL: 1 tables transformed; String replace: products_master â†’ n3_products_master
å‡ºå“/ã€å‡ºå“ã€‘09_42-ShopifyåŒæœŸ-shopify-sync_V5.json,ã€å‡ºå“ã€‘09_42-ShopifyåŒæœŸ-shopify-sync_V5,True,Inserted CORE-Dispatcher after Webhook: shopify-sync; String replace: orders â†’ n3_orders; SQL: 2 tables transformed; String replace: products_master â†’ n3_products_master; String replace: inventory_master â†’ n3_inventory_master; SQL: 1 tables transformed; String replace: inventory_master â†’ n3_inventory_master
ãƒ¡ãƒ‡ã‚£ã‚¢/ã€ãƒ¡ãƒ‡ã‚£ã‚¢ã€‘08_102-ãƒ¡ãƒ‡ã‚£ã‚¢-ãƒ‡ã‚¸ã‚¿ãƒ«æŒ‡ç´‹ãƒ©ãƒ³ãƒ€ãƒ åŒ–-FFmpegå‹•ç”»ãƒ¦ãƒ‹ãƒ¼ã‚¯åŒ–_V5.json,ã€ãƒ¡ãƒ‡ã‚£ã‚¢ã€‘08_102-ãƒ¡ãƒ‡ã‚£ã‚¢-ãƒ‡ã‚¸ã‚¿ãƒ«æŒ‡ç´‹ãƒ©ãƒ³ãƒ€ãƒ åŒ–-FFmpegå‹•ç”»ãƒ¦ãƒ‹ãƒ¼ã‚¯åŒ–_V5,True,Inserted CORE-Dispatcher after Webhook: video-fingerprint
ãƒ¡ãƒ‡ã‚£ã‚¢/ã€ãƒ¡ãƒ‡ã‚£ã‚¢ã€‘20_81-ãƒ¡ãƒ‡ã‚£ã‚¢-ãƒŠãƒ¬ãƒƒã‚¸ãƒ–ãƒ­ãƒƒã‚¯ç”Ÿæˆ-NotebookLMç´š_V5.json,ã€ãƒ¡ãƒ‡ã‚£ã‚¢ã€‘20_81-ãƒ¡ãƒ‡ã‚£ã‚¢-ãƒŠãƒ¬ãƒƒã‚¸ãƒ–ãƒ­ãƒƒã‚¯ç”Ÿæˆ-NotebookLMç´š_V5,True,Inserted CORE-Dispatcher after Webhook: knowledge-block
ãƒ¡ãƒ‡ã‚£ã‚¢/ã€ãƒ¡ãƒ‡ã‚£ã‚¢ã€‘26_94-ãƒ¡ãƒ‡ã‚£ã‚¢-ã‚¤ãƒ³ãƒ•ã‚£ãƒ‹ãƒ†ã‚£ãƒ«ãƒ¼ãƒ—ã‚·ãƒ§ãƒ¼ãƒˆ-ã‚·ãƒ¼ãƒ ãƒ¬ã‚¹ç”Ÿæˆ_V5.json,ã€ãƒ¡ãƒ‡ã‚£ã‚¢ã€‘26_94-ãƒ¡ãƒ‡ã‚£ã‚¢-ã‚¤ãƒ³ãƒ•ã‚£ãƒ‹ãƒ†ã‚£ãƒ«ãƒ¼ãƒ—ã‚·ãƒ§ãƒ¼ãƒˆ-ã‚·ãƒ¼ãƒ ãƒ¬ã‚¹ç”Ÿæˆ_V5,True,Inserted CORE-Dispatcher after Webhook: infinity-loop
ãƒ¡ãƒ‡ã‚£ã‚¢/ã€ãƒ¡ãƒ‡ã‚£ã‚¢ã€‘27_95-ãƒ¡ãƒ‡ã‚£ã‚¢-ãƒ“ã‚¸ãƒ¥ã‚¢ãƒ«DNAè¡çªå›é¿-å¤šæ§˜æ€§ç›£æŸ»_V5.json,ã€ãƒ¡ãƒ‡ã‚£ã‚¢ã€‘27_95-ãƒ¡ãƒ‡ã‚£ã‚¢-ãƒ“ã‚¸ãƒ¥ã‚¢ãƒ«DNAè¡çªå›é¿-å¤šæ§˜æ€§ç›£æŸ»_V5,True,Inserted CORE-Dispatcher after Webhook: visual-dna-audit
ãƒ¡ãƒ‡ã‚£ã‚¢/ã€ãƒ¡ãƒ‡ã‚£ã‚¢ã€‘29_98-ãƒ¡ãƒ‡ã‚£ã‚¢-è¦–è¦šçš„æ³¨é‡ˆè‡ªå‹•ç”Ÿæˆ-æ¡œäº•ã‚¹ã‚¿ã‚¤ãƒ«_V5.json,ã€ãƒ¡ãƒ‡ã‚£ã‚¢ã€‘29_98-ãƒ¡ãƒ‡ã‚£ã‚¢-è¦–è¦šçš„æ³¨é‡ˆè‡ªå‹•ç”Ÿæˆ-æ¡œäº•ã‚¹ã‚¿ã‚¤ãƒ«_V5,True,Inserted CORE-Dispatcher after Webhook: visual-annotation
ãƒ¡ãƒ‡ã‚£ã‚¢/ã€ãƒ¡ãƒ‡ã‚£ã‚¢ã€‘33_104-ãƒ¡ãƒ‡ã‚£ã‚¢-LTX-2-AIå‹•çš„èƒŒæ™¯ç”Ÿæˆ_V5.json,ã€ãƒ¡ãƒ‡ã‚£ã‚¢ã€‘33_104-ãƒ¡ãƒ‡ã‚£ã‚¢-LTX-2-AIå‹•çš„èƒŒæ™¯ç”Ÿæˆ_V5,True,Inserted CORE-Dispatcher after Webhook: ltx2-background
ãƒ¡ãƒ‡ã‚£ã‚¢/ã€ãƒ¡ãƒ‡ã‚£ã‚¢ã€‘16_52c-ãƒ¡ãƒ‡ã‚£ã‚¢-Remotion-Lambda-å¤§è¦æ¨¡ãƒ¬ãƒ³ãƒ€ãƒªãƒ³ã‚°_V5.json,ã€ãƒ¡ãƒ‡ã‚£ã‚¢ã€‘16_52c-ãƒ¡ãƒ‡ã‚£ã‚¢-Remotion-Lambda-å¤§è¦æ¨¡ãƒ¬ãƒ³ãƒ€ãƒªãƒ³ã‚°_V5,True,Inserted CORE-Dispatcher after Webhook: lambda-render
ãƒ¡ãƒ‡ã‚£ã‚¢/ã€ãƒ¡ãƒ‡ã‚£ã‚¢ã€‘01_102-ãƒ¡ãƒ‡ã‚£ã‚¢-ãƒ‡ã‚¸ã‚¿ãƒ«æŒ‡ç´‹ã‚¨ãƒŸãƒ¥ãƒ¬ãƒ¼ã‚¿ãƒ¼_V6.json,ã€ãƒ¡ãƒ‡ã‚£ã‚¢ã€‘01_102-ãƒ¡ãƒ‡ã‚£ã‚¢-ãƒ‡ã‚¸ã‚¿ãƒ«æŒ‡ç´‹ã‚¨ãƒŸãƒ¥ãƒ¬ãƒ¼ã‚¿ãƒ¼_V6,True,Inserted CORE-Dispatcher after Webhook: fingerprint-v6
ãƒ¡ãƒ‡ã‚£ã‚¢/ã€ãƒ¡ãƒ‡ã‚£ã‚¢ã€‘22_85-ãƒ¡ãƒ‡ã‚£ã‚¢-ã‚³ãƒ¡ãƒ³ãƒˆè‡ªå‹•è¿”ä¿¡-AIçŸ¥è­˜DB_V5.json,ã€ãƒ¡ãƒ‡ã‚£ã‚¢ã€‘22_85-ãƒ¡ãƒ‡ã‚£ã‚¢-ã‚³ãƒ¡ãƒ³ãƒˆè‡ªå‹•è¿”ä¿¡-AIçŸ¥è­˜DB_V5,True,Inserted CORE-Dispatcher after Webhook: comment-reply
ãƒ¡ãƒ‡ã‚£ã‚¢/ã€ãƒ¡ãƒ‡ã‚£ã‚¢ã€‘07_102-ãƒ¡ãƒ‡ã‚£ã‚¢-ãƒ‡ã‚¸ã‚¿ãƒ«æŒ‡ç´‹ã‚¨ãƒŸãƒ¥ãƒ¬ãƒ¼ã‚·ãƒ§ãƒ³-BANå›é¿_V5.json,ã€ãƒ¡ãƒ‡ã‚£ã‚¢ã€‘07_102-ãƒ¡ãƒ‡ã‚£ã‚¢-ãƒ‡ã‚¸ã‚¿ãƒ«æŒ‡ç´‹ã‚¨ãƒŸãƒ¥ãƒ¬ãƒ¼ã‚·ãƒ§ãƒ³-BANå›é¿_V5,True,Inserted CORE-Dispatcher after Webhook: fingerprint-generate
ãƒ¡ãƒ‡ã‚£ã‚¢/ã€ãƒ¡ãƒ‡ã‚£ã‚¢ã€‘24_92-ãƒ¡ãƒ‡ã‚£ã‚¢-ãƒªãƒ¼ã‚¬ãƒ«ãƒ‡ã‚£ãƒ•ã‚§ãƒ³ã‚¹-è‘—ä½œæ¨©ç•°è­°è‡ªå‹•ç”Ÿæˆ_V5.json,ã€ãƒ¡ãƒ‡ã‚£ã‚¢ã€‘24_92-ãƒ¡ãƒ‡ã‚£ã‚¢-ãƒªãƒ¼ã‚¬ãƒ«ãƒ‡ã‚£ãƒ•ã‚§ãƒ³ã‚¹-è‘—ä½œæ¨©ç•°è­°è‡ªå‹•ç”Ÿæˆ_V5,True,Inserted CORE-Dispatcher after Webhook: legal-defense
ãƒ¡ãƒ‡ã‚£ã‚¢/ã€ãƒ¡ãƒ‡ã‚£ã‚¢ã€‘19_80-ãƒ¡ãƒ‡ã‚£ã‚¢-ãƒ¦ãƒ‹ãƒãƒ¼ã‚µãƒ«ã‚¢ã‚»ãƒƒãƒˆãƒ«ãƒ¼ã‚¿ãƒ¼_V5.json,ã€ãƒ¡ãƒ‡ã‚£ã‚¢ã€‘19_80-ãƒ¡ãƒ‡ã‚£ã‚¢-ãƒ¦ãƒ‹ãƒãƒ¼ã‚µãƒ«ã‚¢ã‚»ãƒƒãƒˆãƒ«ãƒ¼ã‚¿ãƒ¼_V5,True,Inserted CORE-Dispatcher after Webhook: asset-router
ãƒ¡ãƒ‡ã‚£ã‚¢/ã€ãƒ¡ãƒ‡ã‚£ã‚¢ã€‘15_52b-ãƒ¡ãƒ‡ã‚£ã‚¢-YouTube-OAuthèªè¨¼_V5.json,ã€ãƒ¡ãƒ‡ã‚£ã‚¢ã€‘15_52b-ãƒ¡ãƒ‡ã‚£ã‚¢-YouTube-OAuthèªè¨¼_V5,True,Inserted CORE-Dispatcher after OAuth Callback; Inserted CORE-Dispatcher after Token Refresh
ãƒ¡ãƒ‡ã‚£ã‚¢/ã€ãƒ¡ãƒ‡ã‚£ã‚¢ã€‘02_52-ãƒ¡ãƒ‡ã‚£ã‚¢-Remotionå‹•ç”»ç”Ÿæˆ-YouTubeæŠ•ç¨¿_V6.json,ã€ãƒ¡ãƒ‡ã‚£ã‚¢ã€‘02_52-ãƒ¡ãƒ‡ã‚£ã‚¢-Remotionå‹•ç”»ç”Ÿæˆ-YouTubeæŠ•ç¨¿_V6,True,Inserted CORE-Dispatcher after Webhook: video-generate-v6; SQL: 1 tables transformed; String replace: products_master â†’ n3_products_master
ãƒ¡ãƒ‡ã‚£ã‚¢/ã€ãƒ¡ãƒ‡ã‚£ã‚¢ã€‘09_103-ãƒ¡ãƒ‡ã‚£ã‚¢-LivePortraité€£æº-è¡¨æƒ…è»¢å†™_V5.json,ã€ãƒ¡ãƒ‡ã‚£ã‚¢ã€‘09_103-ãƒ¡ãƒ‡ã‚£ã‚¢-LivePortraité€£æº-è¡¨æƒ…è»¢å†™_V5,True,Inserted CORE-Dispatcher after Webhook: liveportrait-transfer
ãƒ¡ãƒ‡ã‚£ã‚¢/ã€ãƒ¡ãƒ‡ã‚£ã‚¢ã€‘06_100-ãƒ¡ãƒ‡ã‚£ã‚¢-Puppeteerè‡ªå‹•éŒ²ç”»-VPSç”»é¢ã‚­ãƒ£ãƒ—ãƒãƒ£_V5.json,ã€ãƒ¡ãƒ‡ã‚£ã‚¢ã€‘06_100-ãƒ¡ãƒ‡ã‚£ã‚¢-Puppeteerè‡ªå‹•éŒ²ç”»-VPSç”»é¢ã‚­ãƒ£ãƒ—ãƒãƒ£_V5,True,Inserted CORE-Dispatcher after Webhook: puppeteer-record
ãƒ¡ãƒ‡ã‚£ã‚¢/ã€ãƒ¡ãƒ‡ã‚£ã‚¢ã€‘13_200-äººæ ¼-5ã‚¹ã‚¿ã‚¤ãƒ«å‹•ç”»ç”Ÿæˆ-UniversalTemplate_V5.json,ã€ãƒ¡ãƒ‡ã‚£ã‚¢ã€‘13_200-äººæ ¼-5ã‚¹ã‚¿ã‚¤ãƒ«å‹•ç”»ç”Ÿæˆ-UniversalTemplate_V5,True,Inserted CORE-Dispatcher after Webhook: style-video-generate; SQL: 2 tables transformed; String replace: products_master â†’ n3_products_master; String replace: inventory_master â†’ n3_inventory_master
ãƒ¡ãƒ‡ã‚£ã‚¢/ã€ãƒ¡ãƒ‡ã‚£ã‚¢ã€‘14_50-ãƒ¡ãƒ‡ã‚£ã‚¢ãƒ–ãƒªãƒƒã‚¸-media-bridge_V5.json,ã€ãƒ¡ãƒ‡ã‚£ã‚¢ã€‘14_50-ãƒ¡ãƒ‡ã‚£ã‚¢ãƒ–ãƒªãƒƒã‚¸-media-bridge_V5,True,Inserted CORE-Dispatcher after Webhook: media-bridge; SQL: 3 tables transformed; String replace: products_master â†’ n3_products_master; String replace: inventory_master â†’ n3_inventory_master; String replace: marketplace_listings â†’ n3_marketplace_listings
ãƒ¡ãƒ‡ã‚£ã‚¢/ã€ãƒ¡ãƒ‡ã‚£ã‚¢ã€‘10_104-ãƒ¡ãƒ‡ã‚£ã‚¢-LTX-2-AIå‹•çš„èƒŒæ™¯ç”Ÿæˆ_V5.json,ã€ãƒ¡ãƒ‡ã‚£ã‚¢ã€‘10_104-ãƒ¡ãƒ‡ã‚£ã‚¢-LTX-2-AIå‹•çš„èƒŒæ™¯ç”Ÿæˆ_V5,True,Inserted CORE-Dispatcher after Webhook: ltx-generate
ãƒ¡ãƒ‡ã‚£ã‚¢/ã€ãƒ¡ãƒ‡ã‚£ã‚¢ã€‘21_82-ãƒ¡ãƒ‡ã‚£ã‚¢-24æ™‚é–“ãƒ©ã‚¤ãƒ–ã‚¨ãƒ³ã‚³ãƒ¼ãƒ€ãƒ¼-FFmpeg_V5.json,ã€ãƒ¡ãƒ‡ã‚£ã‚¢ã€‘21_82-ãƒ¡ãƒ‡ã‚£ã‚¢-24æ™‚é–“ãƒ©ã‚¤ãƒ–ã‚¨ãƒ³ã‚³ãƒ¼ãƒ€ãƒ¼-FFmpeg_V5,True,Inserted CORE-Dispatcher after Webhook: live-stream; SQL: 3 tables transformed; String replace: products_master â†’ n3_products_master; String replace: inventory_master â†’ n3_inventory_master
ãƒ¡ãƒ‡ã‚£ã‚¢/ã€ãƒ¡ãƒ‡ã‚£ã‚¢ã€‘25_93-ãƒ¡ãƒ‡ã‚£ã‚¢-ãƒ€ã‚¤ãƒŠãƒŸãƒƒã‚¯ã‚³ãƒ³ãƒãƒ¼ã‚¸ãƒ§ãƒ³-ã‚¯ãƒ­ã‚¹ã‚»ãƒ¼ãƒ«ã‚¹_V5.json,ã€ãƒ¡ãƒ‡ã‚£ã‚¢ã€‘25_93-ãƒ¡ãƒ‡ã‚£ã‚¢-ãƒ€ã‚¤ãƒŠãƒŸãƒƒã‚¯ã‚³ãƒ³ãƒãƒ¼ã‚¸ãƒ§ãƒ³-ã‚¯ãƒ­ã‚¹ã‚»ãƒ¼ãƒ«ã‚¹_V5,True,Inserted CORE-Dispatcher after Webhook: dynamic-conversion; Inserted CORE-Dispatcher after Webhook: track-behavior
ãƒ¡ãƒ‡ã‚£ã‚¢/ã€ãƒ¡ãƒ‡ã‚£ã‚¢ã€‘17_70-ãƒ¡ãƒ‡ã‚£ã‚¢-æ¼”å‡ºå­¦ç¿’ãƒ«ãƒ¼ãƒ—-è‡ªå·±é€²åŒ–ã‚¨ãƒ³ã‚¸ãƒ³_V5.json,ã€ãƒ¡ãƒ‡ã‚£ã‚¢ã€‘17_70-ãƒ¡ãƒ‡ã‚£ã‚¢-æ¼”å‡ºå­¦ç¿’ãƒ«ãƒ¼ãƒ—-è‡ªå·±é€²åŒ–ã‚¨ãƒ³ã‚¸ãƒ³_V5,True,Inserted CORE-Dispatcher after Webhook: æ‰‹å‹•ãƒˆãƒªã‚¬ãƒ¼
ãƒ¡ãƒ‡ã‚£ã‚¢/ã€ãƒ¡ãƒ‡ã‚£ã‚¢ã€‘28_97-ãƒ¡ãƒ‡ã‚£ã‚¢-APIãƒªã‚½ãƒ¼ã‚¹ãƒ‡ã‚£ã‚¹ãƒ‘ãƒƒãƒãƒ£ãƒ¼-å‹•çš„é…åˆ†_V5.json,ã€ãƒ¡ãƒ‡ã‚£ã‚¢ã€‘28_97-ãƒ¡ãƒ‡ã‚£ã‚¢-APIãƒªã‚½ãƒ¼ã‚¹ãƒ‡ã‚£ã‚¹ãƒ‘ãƒƒãƒãƒ£ãƒ¼-å‹•çš„é…åˆ†_V5,True,Inserted CORE-Dispatcher after Webhook: api-resource-dispatch
ãƒ¡ãƒ‡ã‚£ã‚¢/ã€ãƒ¡ãƒ‡ã‚£ã‚¢ã€‘11_110-LMS-ãƒ‘ãƒ©ãƒ¡ãƒˆãƒªãƒƒã‚¯å•é¡Œç”Ÿæˆ-ç„¡é™é¡é¡Œã‚¨ãƒ³ã‚¸ãƒ³_V5.json,ã€ãƒ¡ãƒ‡ã‚£ã‚¢ã€‘11_110-LMS-ãƒ‘ãƒ©ãƒ¡ãƒˆãƒªãƒƒã‚¯å•é¡Œç”Ÿæˆ-ç„¡é™é¡é¡Œã‚¨ãƒ³ã‚¸ãƒ³_V5,True,Inserted CORE-Dispatcher after Webhook: parametric-generate
ãƒ¡ãƒ‡ã‚£ã‚¢/ã€ãƒ¡ãƒ‡ã‚£ã‚¢ã€‘18_71-LMS-å¼±ç‚¹æ¤œå‡º-å†è§£èª¬è‡ªå‹•ãƒˆãƒªã‚¬ãƒ¼_V5.json,ã€ãƒ¡ãƒ‡ã‚£ã‚¢ã€‘18_71-LMS-å¼±ç‚¹æ¤œå‡º-å†è§£èª¬è‡ªå‹•ãƒˆãƒªã‚¬ãƒ¼_V5,True,Inserted CORE-Dispatcher after Webhook: æ‰‹å‹•ãƒˆãƒªã‚¬ãƒ¼
ãƒ¡ãƒ‡ã‚£ã‚¢/ã€ãƒ¡ãƒ‡ã‚£ã‚¢ã€‘05_97-ãƒ¡ãƒ‡ã‚£ã‚¢-APIãƒªã‚½ãƒ¼ã‚¹ãƒ‡ã‚£ã‚¹ãƒ‘ãƒƒãƒãƒ£ãƒ¼_V6.json,ã€ãƒ¡ãƒ‡ã‚£ã‚¢ã€‘05_97-ãƒ¡ãƒ‡ã‚£ã‚¢-APIãƒªã‚½ãƒ¼ã‚¹ãƒ‡ã‚£ã‚¹ãƒ‘ãƒƒãƒãƒ£ãƒ¼_V6,True,Inserted CORE-Dispatcher after Webhook: dispatch-v6
ãƒ¡ãƒ‡ã‚£ã‚¢/ã€ãƒ¡ãƒ‡ã‚£ã‚¢ã€‘04_81-ãƒ¡ãƒ‡ã‚£ã‚¢-ãƒŠãƒ¬ãƒƒã‚¸ãƒ–ãƒ­ãƒƒã‚¯ç”Ÿæˆ_V6.json,ã€ãƒ¡ãƒ‡ã‚£ã‚¢ã€‘04_81-ãƒ¡ãƒ‡ã‚£ã‚¢-ãƒŠãƒ¬ãƒƒã‚¸ãƒ–ãƒ­ãƒƒã‚¯ç”Ÿæˆ_V6,True,Inserted CORE-Dispatcher after Webhook: knowledge-block-v6
ãƒ¡ãƒ‡ã‚£ã‚¢/ã€ãƒ¡ãƒ‡ã‚£ã‚¢ã€‘30_99-LMS-çŸ¥è­˜é€²åŒ–ã‚µã‚¤ã‚¯ãƒ«-è‡ªå·±ä¿®å¾©_V5.json,ã€ãƒ¡ãƒ‡ã‚£ã‚¢ã€‘30_99-LMS-çŸ¥è­˜é€²åŒ–ã‚µã‚¤ã‚¯ãƒ«-è‡ªå·±ä¿®å¾©_V5,True,Inserted CORE-Dispatcher after Webhook: knowledge-evolution
ãƒ¡ãƒ‡ã‚£ã‚¢/ã€ãƒ¡ãƒ‡ã‚£ã‚¢ã€‘52a_ElevenLabséŸ³å£°ç”Ÿæˆ-EMOTION-AI_V6.json,N3-52a-ãƒ¡ãƒ‡ã‚£ã‚¢-ElevenLabséŸ³å£°ç”Ÿæˆ-V6-EMOTION-AI,True,Inserted CORE-Dispatcher after Webhook: voice-generate
ãƒ¡ãƒ‡ã‚£ã‚¢/ã€ãƒ¡ãƒ‡ã‚£ã‚¢ã€‘102_ãƒ‡ã‚¸ã‚¿ãƒ«æŒ‡ç´‹ã‚¨ãƒŸãƒ¥ãƒ¬ãƒ¼ã‚¿ãƒ¼_V5.json,N3-102-ãƒ¡ãƒ‡ã‚£ã‚¢-ãƒ‡ã‚¸ã‚¿ãƒ«æŒ‡ç´‹ã‚¨ãƒŸãƒ¥ãƒ¬ãƒ¼ã‚¿ãƒ¼-V5-PRODUCTION,True,Inserted CORE-Dispatcher after Webhook: digital-fingerprint
ãƒ¡ãƒ‡ã‚£ã‚¢/ã€ãƒ¡ãƒ‡ã‚£ã‚¢ã€‘03_52a-ãƒ¡ãƒ‡ã‚£ã‚¢-ElevenLabséŸ³å£°ç”Ÿæˆ_V6.json,ã€ãƒ¡ãƒ‡ã‚£ã‚¢ã€‘03_52a-ãƒ¡ãƒ‡ã‚£ã‚¢-ElevenLabséŸ³å£°ç”Ÿæˆ_V6,True,Inserted CORE-Dispatcher after Webhook: voice-generate-v6
ãƒ¡ãƒ‡ã‚£ã‚¢/ã€ãƒ¡ãƒ‡ã‚£ã‚¢ã€‘52a_ElevenLabséŸ³å£°ç”Ÿæˆ_V5.json,N3-52a-ãƒ¡ãƒ‡ã‚£ã‚¢-ElevenLabséŸ³å£°ç”Ÿæˆ-V5-PRODUCTION,True,Inserted CORE-Dispatcher after Webhook: voice-generate
ãƒ¡ãƒ‡ã‚£ã‚¢/ã€ãƒ¡ãƒ‡ã‚£ã‚¢ã€‘23_90-ãƒ¡ãƒ‡ã‚£ã‚¢-ã‚³ãƒŸãƒ¥ãƒ‹ãƒ†ã‚£çµ±æ²»ã‚¨ãƒ¼ã‚¸ã‚§ãƒ³ãƒˆ-11è¨€èªå¯¾å¿œ_V5.json,ã€ãƒ¡ãƒ‡ã‚£ã‚¢ã€‘23_90-ãƒ¡ãƒ‡ã‚£ã‚¢-ã‚³ãƒŸãƒ¥ãƒ‹ãƒ†ã‚£çµ±æ²»ã‚¨ãƒ¼ã‚¸ã‚§ãƒ³ãƒˆ-11è¨€èªå¯¾å¿œ_V5,True,Inserted CORE-Dispatcher after Webhook: community-agent
ãƒ¡ãƒ‡ã‚£ã‚¢/ã€ãƒ¡ãƒ‡ã‚£ã‚¢ã€‘32_103-ãƒ¡ãƒ‡ã‚£ã‚¢-LivePortraité€£æº-è¡¨æƒ…è»¢å†™_V5.json,ã€ãƒ¡ãƒ‡ã‚£ã‚¢ã€‘32_103-ãƒ¡ãƒ‡ã‚£ã‚¢-LivePortraité€£æº-è¡¨æƒ…è»¢å†™_V5,True,Inserted CORE-Dispatcher after Webhook: liveportrait-transfer
ãƒ¡ãƒ‡ã‚£ã‚¢/ã€ãƒ¡ãƒ‡ã‚£ã‚¢ã€‘12_111-LMS-å•é¡Œå½¢å¼ã‚³ãƒ³ãƒãƒ¼ãƒˆ-å¤šå½¢å¼è‡ªå‹•å¤‰æ›_V5.json,ã€ãƒ¡ãƒ‡ã‚£ã‚¢ã€‘12_111-LMS-å•é¡Œå½¢å¼ã‚³ãƒ³ãƒãƒ¼ãƒˆ-å¤šå½¢å¼è‡ªå‹•å¤‰æ›_V5,True,Inserted CORE-Dispatcher after Webhook: question-format-convert
ãƒ¡ãƒ‡ã‚£ã‚¢/ã€ãƒ¡ãƒ‡ã‚£ã‚¢ã€‘52_Remotionå‹•ç”»ç”Ÿæˆ-YouTubeæŠ•ç¨¿_V5.json,N3-52-ãƒ¡ãƒ‡ã‚£ã‚¢-Remotionå‹•ç”»ç”Ÿæˆ-YouTubeæŠ•ç¨¿-V5-PRODUCTION,True,Inserted CORE-Dispatcher after Webhook: video-generate; SQL: 2 tables transformed; String replace: products_master â†’ n3_products_master; String replace: inventory_master â†’ n3_inventory_master
é˜²è¡›/ã€é˜²è¡›ã€‘04_146-é˜²è¡›-æŠ•ç¨¿æ™‚é–“ãƒ©ãƒ³ãƒ€ãƒ åŒ–-ã‚·ãƒ£ãƒ‰ã‚¦ãƒãƒ³å¯¾ç­–-éç­‰é–“éš”ã‚¹ã‚±ã‚¸ãƒ¥ãƒ¼ãƒªãƒ³ã‚°_V5.json,ã€é˜²è¡›ã€‘04_146-é˜²è¡›-æŠ•ç¨¿æ™‚é–“ãƒ©ãƒ³ãƒ€ãƒ åŒ–-ã‚·ãƒ£ãƒ‰ã‚¦ãƒãƒ³å¯¾ç­–-éç­‰é–“éš”ã‚¹ã‚±ã‚¸ãƒ¥ãƒ¼ãƒªãƒ³ã‚°_V5,True,Inserted CORE-Dispatcher after Webhook: randomize-schedule
é˜²è¡›/ã€é˜²è¡›ã€‘01_140-é˜²è¡›-C2PAãƒ¡ã‚¿ãƒ‡ãƒ¼ã‚¿å®Œå…¨é™¤å»-AIã‚¦ã‚©ãƒ¼ã‚¿ãƒ¼ãƒãƒ¼ã‚¯æ¶ˆå»_V5.json,ã€é˜²è¡›ã€‘01_140-é˜²è¡›-C2PAãƒ¡ã‚¿ãƒ‡ãƒ¼ã‚¿å®Œå…¨é™¤å»-AIã‚¦ã‚©ãƒ¼ã‚¿ãƒ¼ãƒãƒ¼ã‚¯æ¶ˆå»_V5,True,Inserted CORE-Dispatcher after Webhook: c2pa-purify
é˜²è¡›/ã€é˜²è¡›ã€‘03_145-é˜²è¡›-äººé–“åŒ–ã‚·ãƒŸãƒ¥ãƒ¬ãƒ¼ã‚·ãƒ§ãƒ³-æ¸©ã‚-ãƒ©ãƒ³ãƒ€ãƒ æŒ™å‹•-è¦–è´ã‚·ãƒŸãƒ¥ãƒ¬ãƒ¼ãƒˆ_V5.json,ã€é˜²è¡›ã€‘03_145-é˜²è¡›-äººé–“åŒ–ã‚·ãƒŸãƒ¥ãƒ¬ãƒ¼ã‚·ãƒ§ãƒ³-æ¸©ã‚-ãƒ©ãƒ³ãƒ€ãƒ æŒ™å‹•-è¦–è´ã‚·ãƒŸãƒ¥ãƒ¬ãƒ¼ãƒˆ_V5,True,Inserted CORE-Dispatcher after Webhook: humanize-simulate
é˜²è¡›/01_V8.2.1_API_Watcher_KillSwitch.json,ã€V8.2.1ã€‘API Watcher - å…¨è»åœæ­¢ Kill-Switch,True,Inserted CORE-Dispatcher after ğŸšª æ‰‹å‹•ãƒˆãƒªã‚¬ãƒ¼
é˜²è¡›/ã€é˜²è¡›ã€‘05_204-é˜²è¡›-GoogleEarthéŒ²ç”»-åº§æ¨™è‡ªå‹•æ—‹å›_V5.json,ã€é˜²è¡›ã€‘05_204-é˜²è¡›-GoogleEarthéŒ²ç”»-åº§æ¨™è‡ªå‹•æ—‹å›_V5,True,Inserted CORE-Dispatcher after Webhook: earth-record
é˜²è¡›/ã€é˜²è¡›ã€‘02_141-é˜²è¡›-ã‚¢ã‚«ã‚¦ãƒ³ãƒˆæ¸©ã‚-Warmingè‡ªå‹•åŒ–-äººé–“æŒ™å‹•ã‚·ãƒŸãƒ¥ãƒ¬ãƒ¼ãƒˆ_V5.json,ã€é˜²è¡›ã€‘02_141-é˜²è¡›-ã‚¢ã‚«ã‚¦ãƒ³ãƒˆæ¸©ã‚-Warmingè‡ªå‹•åŒ–-äººé–“æŒ™å‹•ã‚·ãƒŸãƒ¥ãƒ¬ãƒ¼ãƒˆ_V5,True,Inserted CORE-Dispatcher after Webhook: account-warming
å—æ³¨/ã€å—æ³¨ã€‘01_09-å—æ³¨-å¤šè²©è·¯å—æ³¨çµ±åˆãƒãƒ–_V5.json,ã€å—æ³¨ã€‘01_09-å—æ³¨-å¤šè²©è·¯å—æ³¨çµ±åˆãƒãƒ–_V5,True,Inserted CORE-Dispatcher after Webhook: order-unified; SQL: 1 tables transformed; String replace: marketplace_accounts â†’ n3_marketplace_accounts; String replace: orders â†’ n3_orders; String replace: orders â†’ n3_orders; String replace: orders â†’ n3_orders; String replace: orders â†’ n3_orders; String replace: orders â†’ n3_orders; String replace: orders â†’ n3_orders
å—æ³¨/ã€å—æ³¨ã€‘03_å°‚ç”¨-å—æ³¨-ãƒ¡ãƒ¼ãƒ«ä»•åˆ†ã‘å—æ³¨ãƒãƒ–_V5.json,ã€å—æ³¨ã€‘03_å°‚ç”¨-å—æ³¨-ãƒ¡ãƒ¼ãƒ«ä»•åˆ†ã‘å—æ³¨ãƒãƒ–_V5,True,SQL: 1 tables transformed; String replace: marketplace_accounts â†’ n3_marketplace_accounts
å—æ³¨/ã€å—æ³¨ã€‘02_26-ä¸­å›½-å—æ³¨å‡¦ç†-é€šé–¢é€£æº_V5.json,ã€å—æ³¨ã€‘02_26-ä¸­å›½-å—æ³¨å‡¦ç†-é€šé–¢é€£æº_V5,True,Inserted CORE-Dispatcher after Webhook: china-order; SQL: 1 tables transformed; String replace: products_master â†’ n3_products_master; String replace: orders â†’ n3_orders; String replace: orders â†’ n3_orders
ç¿»è¨³/ã€ç¿»è¨³ã€‘03_52d-ãƒ¡ãƒ‡ã‚£ã‚¢-å¤šè¨€èªå±•é–‹-11è¨€èªè‡ªå‹•å¤‰æ›_V5.json,ã€ç¿»è¨³ã€‘03_52d-ãƒ¡ãƒ‡ã‚£ã‚¢-å¤šè¨€èªå±•é–‹-11è¨€èªè‡ªå‹•å¤‰æ›_V5,True,Inserted CORE-Dispatcher after Webhook: multilingual-generate
ç¿»è¨³/ã€ç¿»è¨³ã€‘02_170-ã‚³ãƒãƒ¼ã‚¹-å‹•ç”»å•†å“æŠ½å‡º-Geminiè§£æ_V5.json,ã€ç¿»è¨³ã€‘02_170-ã‚³ãƒãƒ¼ã‚¹-å‹•ç”»å•†å“æŠ½å‡º-Geminiè§£æ_V5,True,Inserted CORE-Dispatcher after Webhook: video-extract
ç¿»è¨³/ã€ç¿»è¨³ã€‘01_101-ãƒ¡ãƒ‡ã‚£ã‚¢-æ˜ åƒè§£æ-Gemini-ã‚¿ã‚¤ãƒ ã‚¹ã‚¿ãƒ³ãƒ—æŠ½å‡º_V5.json,ã€ç¿»è¨³ã€‘01_101-ãƒ¡ãƒ‡ã‚£ã‚¢-æ˜ åƒè§£æ-Gemini-ã‚¿ã‚¤ãƒ ã‚¹ã‚¿ãƒ³ãƒ—æŠ½å‡º_V5,True,Inserted CORE-Dispatcher after Webhook: video-analyze
é€šçŸ¥/ã€é€šçŸ¥ã€‘01_35-æ—¥æ¬¡ãƒ¬ãƒãƒ¼ãƒˆ-daily-report_V5.json,ã€é€šçŸ¥ã€‘01_35-æ—¥æ¬¡ãƒ¬ãƒãƒ¼ãƒˆ-daily-report_V5,True,Inserted CORE-Dispatcher after Webhook: daily-report; SQL: 1 tables transformed; String replace: marketplace_listings â†’ n3_marketplace_listings
åœ¨åº«/ã€åœ¨åº«ã€‘09_96-ç‰©è²©é€£æº-åœ¨åº«é€£å‹•ãƒªãƒ³ã‚¯è‡ªå‹•æ›´æ–°_V5.json,ã€åœ¨åº«ã€‘09_96-ç‰©è²©é€£æº-åœ¨åº«é€£å‹•ãƒªãƒ³ã‚¯è‡ªå‹•æ›´æ–°_V5,True,Inserted CORE-Dispatcher after Webhook: stock-link-sync; SQL: 1 tables transformed; String replace: inventory_master â†’ n3_inventory_master; SQL: 1 tables transformed; String replace: inventory_master â†’ n3_inventory_master
åœ¨åº«/ã€åœ¨åº«ã€‘08_60-ã‚¹ã‚¯ãƒ¬ã‚¤ãƒ”ãƒ³ã‚°-ZenRowsæ¡ä»¶åˆ†å²ç›£è¦–_V5.json,ã€åœ¨åº«ã€‘08_60-ã‚¹ã‚¯ãƒ¬ã‚¤ãƒ”ãƒ³ã‚°-ZenRowsæ¡ä»¶åˆ†å²ç›£è¦–_V5,True,Inserted CORE-Dispatcher after Webhook: zenrows-scrape
åœ¨åº«/ã€åœ¨åº«ã€‘14_å°‚ç”¨-ç›£è¦–-æ±ç”¨AIã‚¹ã‚¯ãƒ¬ã‚¤ãƒ”ãƒ³ã‚°ç›£è¦–_V5.json,ã€åœ¨åº«ã€‘14_å°‚ç”¨-ç›£è¦–-æ±ç”¨AIã‚¹ã‚¯ãƒ¬ã‚¤ãƒ”ãƒ³ã‚°ç›£è¦–_V5,True,SQL: 1 tables transformed; String replace: products_master â†’ n3_products_master; SQL: 1 tables transformed; String replace: products_master â†’ n3_products_master
åœ¨åº«/ã€åœ¨åº«ã€‘15_å°‚ç”¨-é˜²è¡›-ã‚¤ãƒ³ãƒ†ãƒªã‚¸ã‚§ãƒ³ãƒˆåœ¨åº«ä¾¡æ ¼é˜²è¡›_V5.json,ã€åœ¨åº«ã€‘15_å°‚ç”¨-é˜²è¡›-ã‚¤ãƒ³ãƒ†ãƒªã‚¸ã‚§ãƒ³ãƒˆåœ¨åº«ä¾¡æ ¼é˜²è¡›_V5,True,SQL: 1 tables transformed; String replace: products_master â†’ n3_products_master; SQL: 1 tables transformed; String replace: products_master â†’ n3_products_master
åœ¨åº«/ã€åœ¨åº«ã€‘01_GlobalStockKiller_V8-ARMORED.json,ã€åœ¨åº«ã€‘01_GlobalStockKiller_V8-ARMORED,True,Inserted CORE-Dispatcher after Webhook: è²©å£²ã‚¤ãƒ™ãƒ³ãƒˆ; SQL: 1 tables transformed; String replace: audit_logs â†’ n3_audit_logs; SQL: 1 tables transformed; String replace: inventory_master â†’ n3_inventory_master; SQL: 1 tables transformed; String replace: inventory_master â†’ n3_inventory_master; SQL: 1 tables transformed; String replace: marketplace_listings â†’ n3_marketplace_listings; SQL: 1 tables transformed; String replace: audit_logs â†’ n3_audit_logs
åœ¨åº«/ã€åœ¨åº«ã€‘05_21-åœ¨åº«åŒæœŸ-stock-sync_V5.json,ã€åœ¨åº«ã€‘05_21-åœ¨åº«åŒæœŸ-stock-sync_V5,True,Inserted CORE-Dispatcher after Webhook: stock-sync-v5; SQL: 2 tables transformed; String replace: products_master â†’ n3_products_master; String replace: inventory_master â†’ n3_inventory_master; SQL: 1 tables transformed; String replace: inventory_master â†’ n3_inventory_master
åœ¨åº«/ã€åœ¨åº«ã€‘12_å°‚ç”¨-ç›£è¦–-SimplescraperReceiver_V5.json,ã€åœ¨åº«ã€‘12_å°‚ç”¨-ç›£è¦–-SimplescraperReceiver_V5,True,Inserted CORE-Dispatcher after Webhook: Simplescraperå—å–; SQL: 1 tables transformed; String replace: products_master â†’ n3_products_master
åœ¨åº«/ã€åœ¨åº«ã€‘02_12-ç›£è¦–-USAä»•å…¥ã‚Œåˆˆã‚Šå–ã‚Šç›£è¦–_V5.json,ã€åœ¨åº«ã€‘02_12-ç›£è¦–-USAä»•å…¥ã‚Œåˆˆã‚Šå–ã‚Šç›£è¦–_V5,True,Inserted CORE-Dispatcher after Webhook: usa-harvest-monitor; SQL: 1 tables transformed; String replace: products_master â†’ n3_products_master; SQL: 1 tables transformed; String replace: products_master â†’ n3_products_master
åœ¨åº«/ã€åœ¨åº«ã€‘13_å°‚ç”¨-ç›£è¦–-ãƒãƒ«ãƒãƒ¢ãƒ¼ãƒ«åœ¨åº«ç›£è¦–ãƒãƒ–_V5.json,ã€åœ¨åº«ã€‘13_å°‚ç”¨-ç›£è¦–-ãƒãƒ«ãƒãƒ¢ãƒ¼ãƒ«åœ¨åº«ç›£è¦–ãƒãƒ–_V5,True,SQL: 1 tables transformed; String replace: products_master â†’ n3_products_master; SQL: 1 tables transformed; String replace: products_master â†’ n3_products_master
åœ¨åº«/ã€åœ¨åº«ã€‘11_å°‚ç”¨-Yahoo-AIåœ¨åº«ã‚¬ãƒ¼ãƒ‰_V5.json,ã€åœ¨åº«ã€‘11_å°‚ç”¨-Yahoo-AIåœ¨åº«ã‚¬ãƒ¼ãƒ‰_V5,True,SQL: 1 tables transformed; String replace: products_master â†’ n3_products_master; SQL: 1 tables transformed; String replace: products_master â†’ n3_products_master
åœ¨åº«/ã€åœ¨åº«ã€‘07_40-åœ¨åº«åŒæœŸå…¨è²©è·¯_V5.json,ã€åœ¨åº«ã€‘07_40-åœ¨åº«åŒæœŸå…¨è²©è·¯_V5,True,Inserted CORE-Dispatcher after Webhook: åœ¨åº«åŒæœŸ; SQL: 3 tables transformed; String replace: products_master â†’ n3_products_master; String replace: inventory_master â†’ n3_inventory_master; String replace: marketplace_listings â†’ n3_marketplace_listings; SQL: 1 tables transformed; String replace: marketplace_listings â†’ n3_marketplace_listings
åœ¨åº«/ã€åœ¨åº«ã€‘04_205-é˜²è¡›-IMAPç›£è¦–-è‘—ä½œæ¨©è­¦å‘Šè‡ªå‹•é˜²è¡›_V5.json,ã€åœ¨åº«ã€‘04_205-é˜²è¡›-IMAPç›£è¦–-è‘—ä½œæ¨©è­¦å‘Šè‡ªå‹•é˜²è¡›_V5,True,Inserted CORE-Dispatcher after Webhook: æ‰‹å‹•ãƒˆãƒªã‚¬ãƒ¼
åœ¨åº«/ã€åœ¨åº«ã€‘01_07-åœ¨åº«åŒæœŸ-GlobalStockKiller_V5.json,ã€åœ¨åº«ã€‘01_07-åœ¨åº«åŒæœŸ-GlobalStockKiller_V5,True,Inserted CORE-Dispatcher after Webhook: è²©å£²ã‚¤ãƒ™ãƒ³ãƒˆ; SQL: 1 tables transformed; String replace: inventory_master â†’ n3_inventory_master; SQL: 1 tables transformed; String replace: inventory_master â†’ n3_inventory_master; SQL: 1 tables transformed; String replace: marketplace_listings â†’ n3_marketplace_listings; String replace: inventory_master â†’ n3_inventory_master
åœ¨åº«/ã€åœ¨åº«ã€‘10_å°‚ç”¨-Amazon-åœ¨åº«ä¾¡æ ¼ç›£è¦–ãƒ¦ãƒ‹ãƒƒãƒˆ_V5.json,ã€åœ¨åº«ã€‘10_å°‚ç”¨-Amazon-åœ¨åº«ä¾¡æ ¼ç›£è¦–ãƒ¦ãƒ‹ãƒƒãƒˆ_V5,True,SQL: 1 tables transformed; String replace: products_master â†’ n3_products_master; SQL: 1 tables transformed; String replace: products_master â†’ n3_products_master
åœ¨åº«/ã€åœ¨åº«ã€‘06_31-åœ¨åº«ç›£è¦–-inventory-monitoring_V5.json,ã€åœ¨åº«ã€‘06_31-åœ¨åº«ç›£è¦–-inventory-monitoring_V5,True,Inserted CORE-Dispatcher after Webhook: inventory-monitoring; SQL: 3 tables transformed; String replace: products_master â†’ n3_products_master; String replace: inventory_master â†’ n3_inventory_master; String replace: marketplace_listings â†’ n3_marketplace_listings; SQL: 1 tables transformed; String replace: inventory_master â†’ n3_inventory_master
åœ¨åº«/ã€åœ¨åº«ã€‘03_120-ã‚¬ãƒãƒŠãƒ³ã‚¹-YouTube-Analyticsç›£è¦–-è‡ªå‹•æ”¹å–„_V5.json,ã€åœ¨åº«ã€‘03_120-ã‚¬ãƒãƒŠãƒ³ã‚¹-YouTube-Analyticsç›£è¦–-è‡ªå‹•æ”¹å–„_V5,False,
å‡ºè·/ã€å‡ºè·ã€‘01_10-å‡ºè·-å¤šè²©è·¯å‡ºè·çµ±åˆ_V5.json,ã€å‡ºè·ã€‘01_10-å‡ºè·-å¤šè²©è·¯å‡ºè·çµ±åˆ_V5,True,Inserted CORE-Dispatcher after Webhook: shipping-unified; SQL: 1 tables transformed; String replace: products_master â†’ n3_products_master; String replace: orders â†’ n3_orders; String replace: orders â†’ n3_orders; String replace: orders â†’ n3_orders; String replace: orders â†’ n3_orders
å‡ºè·/ã€å‡ºè·ã€‘02_19-ç‰©æµ-é…é€ä»£è¡Œãƒã‚¹ã‚¿-æ‰‹æ•°æ–™ã‚·ãƒŸãƒ¥ãƒ¬ãƒ¼ã‚¿ãƒ¼_V5.json,ã€å‡ºè·ã€‘02_19-ç‰©æµ-é…é€ä»£è¡Œãƒã‚¹ã‚¿-æ‰‹æ•°æ–™ã‚·ãƒŸãƒ¥ãƒ¬ãƒ¼ã‚¿ãƒ¼_V5,True,Inserted CORE-Dispatcher after Webhook: logistics-calc
å‡ºè·/ã€å‡ºè·ã€‘03_23-ç‰©æµ-è‡ªå‹•é…é€æŒ‡ç¤ºãƒ¯ãƒ¼ã‚¯ãƒ•ãƒ­ãƒ¼_V5.json,ã€å‡ºè·ã€‘03_23-ç‰©æµ-è‡ªå‹•é…é€æŒ‡ç¤ºãƒ¯ãƒ¼ã‚¯ãƒ•ãƒ­ãƒ¼_V5,True,Inserted CORE-Dispatcher after Webhook: forwarder-instruction
ä¾¡æ ¼è¨ˆç®—/ã€ä¾¡æ ¼è¨ˆç®—ã€‘41_å¤šè²©è·¯ä¾¡æ ¼è¨ˆç®—_V5.json,N3-41-å¤šè²©è·¯ä¾¡æ ¼è¨ˆç®—-multi-marketplace-calculate-V5-PRODUCTION,True,Inserted CORE-Dispatcher after Webhook: multi-marketplace-calculate; SQL: 2 tables transformed; String replace: products_master â†’ n3_products_master; String replace: inventory_master â†’ n3_inventory_master
ä¾¡æ ¼è¨ˆç®—/ã€ä¾¡æ ¼è¨ˆç®—ã€‘02_13-ç‰©æµ-ã‚°ãƒ­ãƒ¼ãƒãƒ«åˆ©ç›Šè¨ˆç®—ã‚¨ãƒ³ã‚¸ãƒ³_V5.json,ã€ä¾¡æ ¼è¨ˆç®—ã€‘02_13-ç‰©æµ-ã‚°ãƒ­ãƒ¼ãƒãƒ«åˆ©ç›Šè¨ˆç®—ã‚¨ãƒ³ã‚¸ãƒ³_V5,True,Inserted CORE-Dispatcher after Webhook: global-profit-calc; SQL: 1 tables transformed; String replace: products_master â†’ n3_products_master; SQL: 1 tables transformed; String replace: products_master â†’ n3_products_master
ä¾¡æ ¼è¨ˆç®—/ã€ä¾¡æ ¼è¨ˆç®—ã€‘04_AIè£œå®ŒDDPè¨ˆç®—_V5-COPY.json,N3-04-ä¾¡æ ¼è¨ˆç®—-AIè£œå®ŒDDPè¨ˆç®—-V5-PRODUCTION,True,Inserted CORE-Dispatcher after Webhook: ä¾¡æ ¼è¨ˆç®—ä¾é ¼; SQL: 1 tables transformed; String replace: products_master â†’ n3_products_master; SQL: 1 tables transformed; String replace: products_master â†’ n3_products_master
ä¾¡æ ¼è¨ˆç®—/ã€ä¾¡æ ¼è¨ˆç®—ã€‘01_04-ä¾¡æ ¼è¨ˆç®—-AIè£œå®ŒDDPè¨ˆç®—_V5.json,ã€ä¾¡æ ¼è¨ˆç®—ã€‘01_04-ä¾¡æ ¼è¨ˆç®—-AIè£œå®ŒDDPè¨ˆç®—_V5,True,Inserted CORE-Dispatcher after Webhook: ä¾¡æ ¼è¨ˆç®—ä¾é ¼; SQL: 1 tables transformed; String replace: products_master â†’ n3_products_master; SQL: 1 tables transformed; String replace: products_master â†’ n3_products_master
ä¾¡æ ¼è¨ˆç®—/ã€ä¾¡æ ¼è¨ˆç®—ã€‘03_41-å¤šè²©è·¯ä¾¡æ ¼è¨ˆç®—-multi-marketplace-calculate_V5.json,ã€ä¾¡æ ¼è¨ˆç®—ã€‘03_41-å¤šè²©è·¯ä¾¡æ ¼è¨ˆç®—-multi-marketplace-calculate_V5,True,Inserted CORE-Dispatcher after Webhook: multi-marketplace-calculate; SQL: 2 tables transformed; String replace: products_master â†’ n3_products_master; String replace: inventory_master â†’ n3_inventory_master
AI/ã€AIã€‘03_53-AEO-AIã‚¨ãƒ³ã‚¸ãƒ³æœ€é©åŒ–_V5.json,ã€AIã€‘03_53-AEO-AIã‚¨ãƒ³ã‚¸ãƒ³æœ€é©åŒ–_V5,True,Inserted CORE-Dispatcher after Webhook: aeo-optimize; SQL: 1 tables transformed; String replace: products_master â†’ n3_products_master
AI/ã€AIã€‘02_46-AIã‚«ãƒ†ã‚´ãƒªãƒãƒƒãƒ”ãƒ³ã‚°-category-mapper_V5.json,ã€AIã€‘02_46-AIã‚«ãƒ†ã‚´ãƒªãƒãƒƒãƒ”ãƒ³ã‚°-category-mapper_V5,True,Inserted CORE-Dispatcher after Webhook: category-mapper; SQL: 1 tables transformed; String replace: products_master â†’ n3_products_master
AI/ã€AIã€‘01_11-å•ã„åˆã‚ã›-AIè‡ªå‹•è¿”ä¿¡_V5.json,ã€AIã€‘01_11-å•ã„åˆã‚ã›-AIè‡ªå‹•è¿”ä¿¡_V5,True,Inserted CORE-Dispatcher after Webhook: inquiry-ai-response; String replace: orders â†’ n3_orders; SQL: 1 tables transformed; String replace: inventory_master â†’ n3_inventory_master; String replace: orders â†’ n3_orders
æ‰¿èª/ã€æ‰¿èªã€‘01_05-æ‰¿èª-å•†å“æ‰¿èªå‡¦ç†_V5.json,ã€æ‰¿èªã€‘01_05-æ‰¿èª-å•†å“æ‰¿èªå‡¦ç†_V5,True,Inserted CORE-Dispatcher after Webhook: æ‰¿èªä¾é ¼; SQL: 1 tables transformed; String replace: products_master â†’ n3_products_master; SQL: 1 tables transformed; String replace: products_master â†’ n3_products_master
ãƒªã‚µãƒ¼ãƒ/ã€ãƒªã‚µãƒ¼ãƒã€‘09_å°‚ç”¨-ãƒ¤ãƒ•ã‚ªã‚¯-AIãƒªã‚µãƒ¼ãƒåœ¨åº«ç›£è¦–çµ±åˆ_V5.json,ã€ãƒªã‚µãƒ¼ãƒã€‘09_å°‚ç”¨-ãƒ¤ãƒ•ã‚ªã‚¯-AIãƒªã‚µãƒ¼ãƒåœ¨åº«ç›£è¦–çµ±åˆ_V5,True,Inserted CORE-Dispatcher after Webhook: ãƒªã‚µãƒ¼ãƒä¾é ¼; SQL: 1 tables transformed; String replace: products_master â†’ n3_products_master; SQL: 1 tables transformed; String replace: products_master â†’ n3_products_master
ãƒªã‚µãƒ¼ãƒ/ã€ãƒªã‚µãƒ¼ãƒã€‘05_24-ãƒªã‚µãƒ¼ãƒ-å„å›½é–“ã‚¢ãƒ¼ãƒ“ãƒˆãƒ©ãƒ¼ã‚¸ã‚¹ã‚­ãƒ£ãƒ³_V5.json,ã€ãƒªã‚µãƒ¼ãƒã€‘05_24-ãƒªã‚µãƒ¼ãƒ-å„å›½é–“ã‚¢ãƒ¼ãƒ“ãƒˆãƒ©ãƒ¼ã‚¸ã‚¹ã‚­ãƒ£ãƒ³_V5,True,Inserted CORE-Dispatcher after Webhook: cross-border-scan; SQL: 1 tables transformed; String replace: products_master â†’ n3_products_master
ãƒªã‚µãƒ¼ãƒ/ã€ãƒªã‚µãƒ¼ãƒã€‘01_è‡ªå¾‹å‹ãƒªã‚µãƒ¼ãƒã‚¨ãƒ¼ã‚¸ã‚§ãƒ³ãƒˆ_V8-ARMORED.json,ã€ãƒªã‚µãƒ¼ãƒã€‘01_è‡ªå¾‹å‹ãƒªã‚µãƒ¼ãƒã‚¨ãƒ¼ã‚¸ã‚§ãƒ³ãƒˆ_V8-ARMORED,True,Inserted CORE-Dispatcher after Webhook; SQL: 1 tables transformed; String replace: audit_logs â†’ n3_audit_logs; SQL: 1 tables transformed; String replace: ai_decision_traces â†’ n3_ai_decision_traces; SQL: 1 tables transformed; String replace: audit_logs â†’ n3_audit_logs
ãƒªã‚µãƒ¼ãƒ/ã€ãƒªã‚µãƒ¼ãƒã€‘01_14-ãƒªã‚µãƒ¼ãƒ-ç›®åˆ©ãã‚¨ãƒ¼ã‚¸ã‚§ãƒ³ãƒˆ_V7.json,ã€ãƒªã‚µãƒ¼ãƒã€‘01_14-ãƒªã‚µãƒ¼ãƒ-ç›®åˆ©ãã‚¨ãƒ¼ã‚¸ã‚§ãƒ³ãƒˆ_V7,True,Inserted CORE-Dispatcher after Webhook: ç›®åˆ©ãAgent
ãƒªã‚µãƒ¼ãƒ/ã€ãƒªã‚µãƒ¼ãƒã€‘01_14-ãƒªã‚µãƒ¼ãƒ-è‡ªå¾‹å‹ãƒªã‚µãƒ¼ãƒã‚¨ãƒ¼ã‚¸ã‚§ãƒ³ãƒˆ_V5.json,ã€ãƒªã‚µãƒ¼ãƒã€‘01_14-ãƒªã‚µãƒ¼ãƒ-è‡ªå¾‹å‹ãƒªã‚µãƒ¼ãƒã‚¨ãƒ¼ã‚¸ã‚§ãƒ³ãƒˆ_V5,True,Inserted CORE-Dispatcher after Webhook: research-agent
ãƒªã‚µãƒ¼ãƒ/ã€ãƒªã‚µãƒ¼ãƒã€‘03_18-ãƒªã‚µãƒ¼ãƒ-è‡ªå¾‹å‹AIãƒˆãƒ¬ãƒ³ãƒ‰ã‚¨ãƒ¼ã‚¸ã‚§ãƒ³ãƒˆ_V5.json,ã€ãƒªã‚µãƒ¼ãƒã€‘03_18-ãƒªã‚µãƒ¼ãƒ-è‡ªå¾‹å‹AIãƒˆãƒ¬ãƒ³ãƒ‰ã‚¨ãƒ¼ã‚¸ã‚§ãƒ³ãƒˆ_V5,True,Inserted CORE-Dispatcher after Webhook: trend-agent
ãƒªã‚µãƒ¼ãƒ/ã€ãƒªã‚µãƒ¼ãƒã€‘04_20-ãƒªã‚µãƒ¼ãƒ-ã‚¯ãƒ­ã‚¹ãƒªãƒ¼ã‚¸ãƒ§ãƒ³ã‚¢ãƒ¼ãƒ“ãƒˆãƒ©ãƒ¼ã‚¸_V5.json,ã€ãƒªã‚µãƒ¼ãƒã€‘04_20-ãƒªã‚µãƒ¼ãƒ-ã‚¯ãƒ­ã‚¹ãƒªãƒ¼ã‚¸ãƒ§ãƒ³ã‚¢ãƒ¼ãƒ“ãƒˆãƒ©ãƒ¼ã‚¸_V5,True,Inserted CORE-Dispatcher after Webhook: arbitrage-scan; SQL: 1 tables transformed; String replace: products_master â†’ n3_products_master
ãƒªã‚µãƒ¼ãƒ/ã€ãƒªã‚µãƒ¼ãƒã€‘06_84-ãƒ¡ãƒ‡ã‚£ã‚¢-ãƒˆãƒ¬ãƒ³ãƒ‰æ¤œçŸ¥-è‡ªå‹•ã‚³ãƒ³ãƒ†ãƒ³ãƒ„ç”Ÿæˆ_V5.json,ã€ãƒªã‚µãƒ¼ãƒã€‘06_84-ãƒ¡ãƒ‡ã‚£ã‚¢-ãƒˆãƒ¬ãƒ³ãƒ‰æ¤œçŸ¥-è‡ªå‹•ã‚³ãƒ³ãƒ†ãƒ³ãƒ„ç”Ÿæˆ_V5,True,Inserted CORE-Dispatcher after Webhook: trend-detect
ãƒªã‚µãƒ¼ãƒ/N3_V8.2.1_AUTONOMOUS_SM_AGENT.json,ã€V8.2.1-AUTONOMOUSã€‘SM AIã‚¨ãƒ¼ã‚¸ã‚§ãƒ³ãƒˆãƒ»ãƒªãƒ•ã‚¡ãƒ¬ãƒ³ã‚¹åˆ¤å®š,True,Inserted CORE-Dispatcher after Webhook: SM AIã‚¨ãƒ¼ã‚¸ã‚§ãƒ³ãƒˆ; SQL: 1 tables transformed; String replace: ai_decision_traces â†’ n3_ai_decision_traces; SQL: 1 tables transformed; String replace: products_master â†’ n3_products_master
ãƒªã‚µãƒ¼ãƒ/ã€ãƒªã‚µãƒ¼ãƒã€‘07_INTEL-02-SMé€£ç¶šé¸æŠãƒãƒƒãƒ_V5.json,ã€ãƒªã‚µãƒ¼ãƒã€‘07_INTEL-02-SMé€£ç¶šé¸æŠãƒãƒƒãƒ_V5,True,Inserted CORE-Dispatcher after Webhook: sm-sequential
ãƒªã‚µãƒ¼ãƒ/ã€ãƒªã‚µãƒ¼ãƒã€‘02_16-ãƒªã‚µãƒ¼ãƒ-SMé«˜åº¦è‡ªå‹•åŒ–ãƒãƒƒãƒ_V5.json,ã€ãƒªã‚µãƒ¼ãƒã€‘02_16-ãƒªã‚µãƒ¼ãƒ-SMé«˜åº¦è‡ªå‹•åŒ–ãƒãƒƒãƒ_V5,True,Inserted CORE-Dispatcher after Webhook: sm-extractor
ãƒªã‚µãƒ¼ãƒ/ã€ãƒªã‚µãƒ¼ãƒã€‘08_å°‚ç”¨-eBay-Soldãƒªã‚µãƒ¼ãƒä»•å…¥ã‚Œå…ˆæ¢ç´¢_V5.json,ã€ãƒªã‚µãƒ¼ãƒã€‘08_å°‚ç”¨-eBay-Soldãƒªã‚µãƒ¼ãƒä»•å…¥ã‚Œå…ˆæ¢ç´¢_V5,True,Inserted CORE-Dispatcher after Webhook: ebay-sold-research
å¸ä»¤å¡”/ã€å¸ä»¤å¡”ã€‘06_16-ä»•å…¥ç®¡ç†-è‡ªå‹•ä»•å…¥å…ˆåˆ‡æ›¿_V5.json,ã€å¸ä»¤å¡”ã€‘06_16-ä»•å…¥ç®¡ç†-è‡ªå‹•ä»•å…¥å…ˆåˆ‡æ›¿_V5,True,Inserted CORE-Dispatcher after Webhook: ä»•å…¥å…ˆåˆ‡æ›¿; SQL: 1 tables transformed; String replace: products_master â†’ n3_products_master; SQL: 1 tables transformed; String replace: products_master â†’ n3_products_master; SQL: 1 tables transformed; String replace: products_master â†’ n3_products_master
å¸ä»¤å¡”/ã€å¸ä»¤å¡”ã€‘10_83-ãƒ¡ãƒ‡ã‚£ã‚¢-ãƒã‚¤ãƒ–ãƒªãƒƒãƒ‰åŠ å·¥ãƒ‘ã‚¤ãƒ—ãƒ©ã‚¤ãƒ³-Whisper-Remotion_V5.json,ã€å¸ä»¤å¡”ã€‘10_83-ãƒ¡ãƒ‡ã‚£ã‚¢-ãƒã‚¤ãƒ–ãƒªãƒƒãƒ‰åŠ å·¥ãƒ‘ã‚¤ãƒ—ãƒ©ã‚¤ãƒ³-Whisper-Remotion_V5,True,Inserted CORE-Dispatcher after Webhook: hybrid-process
å¸ä»¤å¡”/ã€å¸ä»¤å¡”ã€‘09_72-Sentinel-ãƒ‘ãƒ•ã‚©ãƒ¼ãƒãƒ³ã‚¹ç›£è¦–-è‡ªå‹•æ”¹å–„_V5.json,ã€å¸ä»¤å¡”ã€‘09_72-Sentinel-ãƒ‘ãƒ•ã‚©ãƒ¼ãƒãƒ³ã‚¹ç›£è¦–-è‡ªå‹•æ”¹å–„_V5,False,
å¸ä»¤å¡”/ã€å¸ä»¤å¡”ã€‘08_59-å¤–æ³¨-ä½œæ¥­ç®¡ç†-å ±é…¬è¨ˆç®—_V5.json,ã€å¸ä»¤å¡”ã€‘08_59-å¤–æ³¨-ä½œæ¥­ç®¡ç†-å ±é…¬è¨ˆç®—_V5,True,Inserted CORE-Dispatcher after Webhook: outsource-manage
å¸ä»¤å¡”/ã€å¸ä»¤å¡”ã€‘02_12-ä¾¡æ ¼ç®¡ç†-ç‚ºæ›¿å¤‰å‹•ä¾¡æ ¼è‡ªå‹•èª¿æ•´_V5.json,ã€å¸ä»¤å¡”ã€‘02_12-ä¾¡æ ¼ç®¡ç†-ç‚ºæ›¿å¤‰å‹•ä¾¡æ ¼è‡ªå‹•èª¿æ•´_V5,False,
å¸ä»¤å¡”/ã€å¸ä»¤å¡”ã€‘07_57-ä»•å…¥ã‚Œ-ä¸€æ‹¬è³¼å…¥ç®¡ç†ãƒ¦ãƒ‹ãƒƒãƒˆ_V5.json,ã€å¸ä»¤å¡”ã€‘07_57-ä»•å…¥ã‚Œ-ä¸€æ‹¬è³¼å…¥ç®¡ç†ãƒ¦ãƒ‹ãƒƒãƒˆ_V5,True,Inserted CORE-Dispatcher after Webhook: purchase-cart; SQL: 1 tables transformed; String replace: products_master â†’ n3_products_master
å¸ä»¤å¡”/ã€å¸ä»¤å¡”ã€‘03_142-é˜²è¡›-ãƒ¢ãƒã‚¤ãƒ«ãƒ—ãƒ­ã‚­ã‚·ç®¡ç†-ãƒ­ãƒ¼ãƒ†ãƒ¼ã‚·ãƒ§ãƒ³-å¥å…¨æ€§ç›£è¦–_V5.json,ã€å¸ä»¤å¡”ã€‘03_142-é˜²è¡›-ãƒ¢ãƒã‚¤ãƒ«ãƒ—ãƒ­ã‚­ã‚·ç®¡ç†-ãƒ­ãƒ¼ãƒ†ãƒ¼ã‚·ãƒ§ãƒ³-å¥å…¨æ€§ç›£è¦–_V5,True,Inserted CORE-Dispatcher after Webhook: proxy-manage
å¸ä»¤å¡”/ã€å¸ä»¤å¡”ã€‘11_91-ãƒ¡ãƒ‡ã‚£ã‚¢-AIãƒ—ãƒ­ãƒ‡ãƒ¥ãƒ¼ã‚µãƒ¼è‡ªå‹•æ‰¿èª-ä¾‹å¤–ç®¡ç†æ–¹å¼_V5.json,ã€å¸ä»¤å¡”ã€‘11_91-ãƒ¡ãƒ‡ã‚£ã‚¢-AIãƒ—ãƒ­ãƒ‡ãƒ¥ãƒ¼ã‚µãƒ¼è‡ªå‹•æ‰¿èª-ä¾‹å¤–ç®¡ç†æ–¹å¼_V5,True,Inserted CORE-Dispatcher after Webhook: ai-producer
å¸ä»¤å¡”/N3-CORE-DISPATCHER.json,N3-CORE-DISPATCHER,True,Inserted CORE-Dispatcher after Webhook; String replace: api_health â†’ n3_api_health; String replace: burn_limits â†’ n3_burn_limits; String replace: budget_tracker â†’ n3_budget_tracker; String replace: job_queue â†’ n3_job_queue; String replace: job_queue â†’ n3_job_queue; String replace: job_queue â†’ n3_job_queue; String replace: job_queue â†’ n3_job_queue
å¸ä»¤å¡”/ã€å¸ä»¤å¡”ã€‘05_144-é˜²è¡›-PVAã‚¢ã‚«ã‚¦ãƒ³ãƒˆç®¡ç†-ç‰©ç†SIMãƒ•ã‚¡ãƒ¼ãƒ é€£æº-åˆ†æ•£ãƒªã‚«ãƒãƒª_V5.json,ã€å¸ä»¤å¡”ã€‘05_144-é˜²è¡›-PVAã‚¢ã‚«ã‚¦ãƒ³ãƒˆç®¡ç†-ç‰©ç†SIMãƒ•ã‚¡ãƒ¼ãƒ é€£æº-åˆ†æ•£ãƒªã‚«ãƒãƒª_V5,True,Inserted CORE-Dispatcher after Webhook: pva-manage
å¸ä»¤å¡”/ã€å¸ä»¤å¡”ã€‘04_143-é˜²è¡›-ã‚¢ãƒ³ãƒãƒ‡ã‚£ãƒ†ã‚¯ãƒˆé€£æº-AdsPower-GoLogin-ãƒ—ãƒ­ãƒ•ã‚¡ã‚¤ãƒ«ç®¡ç†_V5.json,ã€å¸ä»¤å¡”ã€‘04_143-é˜²è¡›-ã‚¢ãƒ³ãƒãƒ‡ã‚£ãƒ†ã‚¯ãƒˆé€£æº-AdsPower-GoLogin-ãƒ—ãƒ­ãƒ•ã‚¡ã‚¤ãƒ«ç®¡ç†_V5,True,Inserted CORE-Dispatcher after Webhook: antidetect-manage
å¸ä»¤å¡”/ã€å¸ä»¤å¡”ã€‘01_11-å‡ºå“ç®¡ç†-ã‚¹ã‚³ã‚¢ãƒªãƒ³ã‚°ãƒ‡ã‚£ã‚¹ãƒ‘ãƒƒãƒãƒ£ãƒ¼_V5.json,ã€å¸ä»¤å¡”ã€‘01_11-å‡ºå“ç®¡ç†-ã‚¹ã‚³ã‚¢ãƒªãƒ³ã‚°ãƒ‡ã‚£ã‚¹ãƒ‘ãƒƒãƒãƒ£ãƒ¼_V5,True,SQL: 2 tables transformed; String replace: products_master â†’ n3_products_master; String replace: inventory_master â†’ n3_inventory_master; SQL: 1 tables transformed; String replace: products_master â†’ n3_products_master
å¸ä»¤å¡”/N3-QUEUE-WORKER.json,N3-QUEUE-WORKER,True,String replace: job_queue â†’ n3_job_queue; String replace: job_queue â†’ n3_job_queue; String replace: job_queue â†’ n3_job_queue; String replace: job_queue â†’ n3_job_queue
è¿½åŠ /_DELETE/ã€åœ¨åº«ã€‘01_GlobalStockKiller_V8-ARMORED.json,ã€åœ¨åº«ã€‘01_GlobalStockKiller_V8-ARMORED,True,Inserted CORE-Dispatcher after Webhook: è²©å£²ã‚¤ãƒ™ãƒ³ãƒˆ; SQL: 1 tables transformed; String replace: audit_logs â†’ n3_audit_logs; SQL: 1 tables transformed; String replace: inventory_master â†’ n3_inventory_master; SQL: 1 tables transformed; String replace: inventory_master â†’ n3_inventory_master; SQL: 1 tables transformed; String replace: marketplace_listings â†’ n3_marketplace_listings; SQL: 1 tables transformed; String replace: audit_logs â†’ n3_audit_logs
è¿½åŠ /_DELETE/ã€å…±é€šã€‘V8-AI-DECISION-TRACER.json,ã€å…±é€šã€‘V8-AI-DECISION-TRACER,False,
è¿½åŠ /_DELETE/ã€ãƒªã‚µãƒ¼ãƒã€‘01_è‡ªå¾‹å‹ãƒªã‚µãƒ¼ãƒã‚¨ãƒ¼ã‚¸ã‚§ãƒ³ãƒˆ_V8-ARMORED.json,ã€ãƒªã‚µãƒ¼ãƒã€‘01_è‡ªå¾‹å‹ãƒªã‚µãƒ¼ãƒã‚¨ãƒ¼ã‚¸ã‚§ãƒ³ãƒˆ_V8-ARMORED,True,Inserted CORE-Dispatcher after Webhook; SQL: 1 tables transformed; String replace: audit_logs â†’ n3_audit_logs; SQL: 1 tables transformed; String replace: ai_decision_traces â†’ n3_ai_decision_traces; SQL: 1 tables transformed; String replace: audit_logs â†’ n3_audit_logs
è¿½åŠ /_DELETE/ã€å…±é€šã€‘V8-BURN-LIMIT-CHECKER.json,ã€å…±é€šã€‘V8-BURN-LIMIT-CHECKER,True,SQL: 1 tables transformed; String replace: audit_logs â†’ n3_audit_logs
è¿½åŠ /_DELETE/ã€å…±é€šã€‘V8-AUTH-GATE-VALIDATOR.json,ã€å…±é€šã€‘V8-AUTH-GATE-VALIDATOR,True,SQL: 1 tables transformed; String replace: audit_logs â†’ n3_audit_logs
å‡ºå“/_archive/ã€å‡ºå“ã€‘06_26-å‡ºå“å®Ÿè¡Œ-listing-execute_V5.json,ã€å‡ºå“ã€‘06_26-å‡ºå“å®Ÿè¡Œ-listing-execute_V5,True,Inserted CORE-Dispatcher after Webhook: listing-execute-v5; SQL: 2 tables transformed; String replace: products_master â†’ n3_products_master; String replace: inventory_master â†’ n3_inventory_master
å‡ºå“/_archive/ã€å‡ºå“ã€‘03_171-ã‚³ãƒãƒ¼ã‚¹-LPè‡ªå‹•ç”Ÿæˆ-Shopify-eBayå‡ºå“_V5.json,ã€å‡ºå“ã€‘03_171-ã‚³ãƒãƒ¼ã‚¹-LPè‡ªå‹•ç”Ÿæˆ-Shopify-eBayå‡ºå“_V5,True,Inserted CORE-Dispatcher after Webhook: generate-listing
å‡ºå“/_archive/ã€å‡ºå“ã€‘07_29-eBayå‡ºå“-ebay-listing_V5.json,ã€å‡ºå“ã€‘07_29-eBayå‡ºå“-ebay-listing_V5,True,Inserted CORE-Dispatcher after Webhook: ebay-listing; SQL: 1 tables transformed; String replace: marketplace_accounts â†’ n3_marketplace_accounts; SQL: 1 tables transformed; String replace: ebay_tokens â†’ n3_ebay_tokens; SQL: 2 tables transformed; String replace: products_master â†’ n3_products_master; String replace: inventory_master â†’ n3_inventory_master; SQL: 1 tables transformed; String replace: marketplace_listings â†’ n3_marketplace_listings
å‡ºå“/_archive/ã€å‡ºå“ã€‘02_06b-eBayå‡ºå“-ã‚¨ãƒ©ãƒ¼å¾©æ—§ã‚¨ãƒ¼ã‚¸ã‚§ãƒ³ãƒˆ_V5.json,ã€å‡ºå“ã€‘02_06b-eBayå‡ºå“-ã‚¨ãƒ©ãƒ¼å¾©æ—§ã‚¨ãƒ¼ã‚¸ã‚§ãƒ³ãƒˆ_V5,True,Inserted CORE-Dispatcher after Webhook: ã‚¨ãƒ©ãƒ¼å¾©æ—§ä¾é ¼; SQL: 1 tables transformed; String replace: products_master â†’ n3_products_master; SQL: 1 tables transformed; String replace: products_master â†’ n3_products_master
å‡ºå“/_archive/ã€å‡ºå“ã€‘04_22-å‡ºå“-å¤šè²©è·¯å¤šå›½ç±å‡ºå“ã‚²ãƒ¼ãƒˆã‚¦ã‚§ã‚¤_V5.json,ã€å‡ºå“ã€‘04_22-å‡ºå“-å¤šè²©è·¯å¤šå›½ç±å‡ºå“ã‚²ãƒ¼ãƒˆã‚¦ã‚§ã‚¤_V5,True,Inserted CORE-Dispatcher after Webhook: listing-gateway; SQL: 2 tables transformed; String replace: products_master â†’ n3_products_master; String replace: inventory_master â†’ n3_inventory_master
å‡ºå“/_archive/ã€å‡ºå“ã€‘05_25-ä¸­å›½-è¶Šå¢ƒECå‡ºå“ã‚²ãƒ¼ãƒˆã‚¦ã‚§ã‚¤_V5.json,ã€å‡ºå“ã€‘05_25-ä¸­å›½-è¶Šå¢ƒECå‡ºå“ã‚²ãƒ¼ãƒˆã‚¦ã‚§ã‚¤_V5,True,Inserted CORE-Dispatcher after Webhook: china-listing; SQL: 2 tables transformed; String replace: products_master â†’ n3_products_master; String replace: inventory_master â†’ n3_inventory_master
å‡ºå“/_archive/ã€å‡ºå“ã€‘01_ãƒ­ãƒ¼ã‚«ãƒ«-eBayå‡ºå“å‡¦ç†-å®Œæˆç‰ˆv6ä¿®æ­£_V6.json,ã€å‡ºå“ã€‘01_ãƒ­ãƒ¼ã‚«ãƒ«-eBayå‡ºå“å‡¦ç†-å®Œæˆç‰ˆv6ä¿®æ­£_V6,True,Inserted CORE-Dispatcher after å‡ºå“ãƒªã‚¯ã‚¨ã‚¹ãƒˆå—ä¿¡
ã‚·ã‚¹ãƒ†ãƒ /_old/ã€ã‚·ã‚¹ãƒ†ãƒ ã€‘02_17-ã‚·ã‚¹ãƒ†ãƒ -çµ±åˆWebhookã‚²ãƒ¼ãƒˆã‚¦ã‚§ã‚¤_V5.json,ã€ã‚·ã‚¹ãƒ†ãƒ ã€‘02_17-ã‚·ã‚¹ãƒ†ãƒ -çµ±åˆWebhookã‚²ãƒ¼ãƒˆã‚¦ã‚§ã‚¤_V5,True,Inserted CORE-Dispatcher after Webhook: global-router
ã‚·ã‚¹ãƒ†ãƒ /_old/ã€ã‚·ã‚¹ãƒ†ãƒ ã€‘01_15-åˆ†æ-çµ±åˆãƒ€ãƒƒã‚·ãƒ¥ãƒœãƒ¼ãƒ‰ã‚¹ãƒŠãƒƒãƒ—ã‚·ãƒ§ãƒƒãƒˆ_V5.json,ã€ã‚·ã‚¹ãƒ†ãƒ ã€‘01_15-åˆ†æ-çµ±åˆãƒ€ãƒƒã‚·ãƒ¥ãƒœãƒ¼ãƒ‰ã‚¹ãƒŠãƒƒãƒ—ã‚·ãƒ§ãƒƒãƒˆ_V5,True,Inserted CORE-Dispatcher after Webhook: dashboard-snapshot; String replace: orders â†’ n3_orders; SQL: 1 tables transformed; String replace: inventory_master â†’ n3_inventory_master; SQL: 1 tables transformed; String replace: products_master â†’ n3_products_master; String replace: orders â†’ n3_orders; String replace: orders â†’ n3_orders
ã‚·ã‚¹ãƒ†ãƒ /_old/ã€ã‚·ã‚¹ãƒ†ãƒ ã€‘03_21-ã‚·ã‚¹ãƒ†ãƒ -è‡ªå‹•ãƒãƒƒã‚¯ã‚¢ãƒƒãƒ—_V5.json,ã€ã‚·ã‚¹ãƒ†ãƒ ã€‘03_21-ã‚·ã‚¹ãƒ†ãƒ -è‡ªå‹•ãƒãƒƒã‚¯ã‚¢ãƒƒãƒ—_V5,True,Inserted CORE-Dispatcher after Webhook: backup-trigger; String replace: products_master â†’ n3_products_master; String replace: inventory_master â†’ n3_inventory_master; String replace: orders â†’ n3_orders; SQL: 1 tables transformed; String replace: products_master â†’ n3_products_master; String replace: orders â†’ n3_orders; String replace: orders â†’ n3_orders
ã‚·ã‚¹ãƒ†ãƒ /_old/ã€ã‚·ã‚¹ãƒ†ãƒ ã€‘04_61-åˆ†æ-ãƒ€ãƒƒã‚·ãƒ¥ãƒœãƒ¼ãƒ‰é›†è¨ˆAPI_V5.json,ã€ã‚·ã‚¹ãƒ†ãƒ ã€‘04_61-åˆ†æ-ãƒ€ãƒƒã‚·ãƒ¥ãƒœãƒ¼ãƒ‰é›†è¨ˆAPI_V5,True,Inserted CORE-Dispatcher after Webhook: dashboard-metrics; String replace: orders â†’ n3_orders; String replace: orders â†’ n3_orders; SQL: 2 tables transformed; String replace: products_master â†’ n3_products_master; String replace: inventory_master â†’ n3_inventory_master
